IMAGE\LABEL	airplane	bare-soil	buildings	cars	chaparral	court	dock	field	grass	mobile-home	pavement	sand	sea	ship	tanks	trees	water
agricultural07	0	0	0	0	0	0	0	1	0	0	0	0	0	0	0	0	0
agricultural11	0	0	0	0	0	0	0	1	0	0	0	0	0	0	0	0	0
agricultural15	0	0	0	0	0	0	0	1	0	0	0	0	0	0	0	0	0
agricultural19	0	0	0	0	0	0	0	1	0	0	0	0	0	0	0	0	0
agricultural23	0	0	0	0	0	0	0	0	0	0	0	0	0	0	0	1	0
agricultural24	0	0	0	0	0	0	0	1	0	0	0	0	0	0	0	0	0
agricultural28	0	0	0	0	0	0	0	1	0	0	0	0	0	0	0	0	0
agricultural32	0	0	0	0	0	0	0	1	0	0	0	0	0	0	0	0	0
agricultural36	0	0	0	0	0	0	0	1	0	0	0	0	0	0	0	0	0
agricultural40	0	0	0	0	0	0	0	1	0	0	0	0	0	0	0	0	0
agricultural43	0	0	0	0	0	0	0	1	0	0	0	0	0	0	0	0	0
agricultural46	0	0	0	0	0	0	0	1	0	0	0	0	0	0	0	0	0
agricultural47	0	0	0	0	0	0	0	1	0	0	0	0	0	0	0	0	0
agricultural50	0	0	0	0	0	0	0	1	0	0	0	0	0	0	0	0	0
agricultural51	0	0	0	0	0	0	0	1	0	0	0	0	0	0	0	0	0
agricultural54	0	0	0	0	0	0	0	1	0	0	0	0	0	0	0	0	0
agricultural56	0	0	0	0	0	0	0	1	0	0	0	0	0	0	0	0	0
agricultural57	0	0	0	0	0	0	0	1	0	0	0	0	0	0	0	0	0
agricultural59	0	0	0	0	0	0	0	1	0	0	0	0	0	0	0	0	0
agricultural62	0	0	0	0	0	0	0	1	0	0	0	0	0	0	0	0	0
agricultural63	0	0	0	0	0	0	0	1	0	0	0	0	0	0	0	0	0
agricultural64	0	0	0	0	0	0	0	1	0	0	0	0	0	0	0	0	0
agricultural65	0	0	0	0	0	0	0	1	0	0	0	0	0	0	0	0	0
agricultural66	0	0	0	0	0	0	0	1	0	0	0	0	0	0	0	0	0
agricultural67	0	0	0	0	0	0	0	1	0	0	0	0	0	0	0	0	0
agricultural68	0	0	0	0	0	0	0	1	0	0	0	0	0	0	0	0	0
agricultural69	0	0	0	0	0	0	0	1	0	0	0	0	0	0	0	0	0
agricultural70	0	0	0	0	0	0	0	1	0	0	0	0	0	0	0	0	0
agricultural71	0	0	0	0	0	0	0	1	0	0	0	0	0	0	0	0	0
agricultural72	0	0	0	0	0	0	0	1	0	0	0	0	0	0	0	0	0
agricultural73	0	0	0	0	0	0	0	1	0	0	0	0	0	0	0	0	0
agricultural74	0	0	0	0	0	0	0	1	0	0	0	0	0	0	0	0	0
agricultural75	0	0	0	0	0	0	0	1	0	0	0	0	0	0	0	0	0
agricultural76	0	0	0	0	0	0	0	1	0	0	0	0	0	0	0	0	0
agricultural77	0	0	0	0	0	0	0	1	0	0	0	0	0	0	0	0	0
agricultural78	0	0	0	0	0	0	0	1	0	0	0	0	0	0	0	0	0
agricultural79	0	0	0	0	0	0	0	1	0	0	0	0	0	0	0	0	0
agricultural80	0	0	0	0	0	0	0	1	0	0	0	0	0	0	0	0	0
agricultural81	0	0	0	0	0	0	0	1	0	0	0	0	0	0	0	0	0
agricultural82	0	0	0	0	0	0	0	1	0	0	0	0	0	0	0	0	0
agricultural83	0	0	0	0	0	0	0	1	0	0	0	0	0	0	0	0	0
agricultural84	0	0	0	0	0	0	0	1	0	0	0	0	0	0	0	0	0
agricultural85	0	0	0	0	0	0	0	1	0	0	0	0	0	0	0	0	0
agricultural86	0	0	0	0	0	0	0	1	0	0	0	0	0	0	0	0	0
agricultural87	0	0	0	0	0	0	0	1	0	0	0	0	0	0	0	0	0
agricultural88	0	0	0	0	0	0	0	1	0	0	0	0	0	0	0	0	0
agricultural89	0	0	0	0	0	0	0	1	0	0	0	0	0	0	0	0	0
agricultural90	0	0	0	0	0	0	0	1	0	0	0	0	0	0	0	0	0
agricultural91	0	0	0	0	0	0	0	1	0	0	0	0	0	0	0	0	0
agricultural92	0	0	0	0	0	0	0	1	0	0	0	0	0	0	0	0	0
agricultural93	0	0	0	0	0	0	0	1	0	0	0	0	0	0	0	0	0
agricultural94	0	0	0	0	0	0	0	1	0	0	0	0	0	0	0	0	0
agricultural95	0	0	0	0	0	0	0	1	0	0	0	0	0	0	0	0	0
agricultural96	0	0	0	0	0	0	0	1	0	0	0	0	0	0	0	0	0
agricultural97	0	0	0	0	0	0	0	1	0	0	0	0	0	0	0	0	0
agricultural98	0	0	0	0	0	0	0	1	0	0	0	0	0	0	0	0	0
agricultural99	0	0	0	0	0	0	0	1	0	0	0	0	0	0	0	0	0
airplane03	1	0	0	1	0	0	0	0	0	0	1	0	0	0	0	0	0
airplane07	1	0	1	1	0	0	0	0	0	0	1	0	0	0	0	0	0
airplane11	1	0	0	1	0	0	0	0	0	0	1	0	0	0	0	0	0
airplane14	1	0	0	0	0	0	0	0	0	0	1	0	0	0	0	0	0
airplane19	1	0	0	0	0	0	0	0	1	0	1	0	0	0	0	0	0
airplane21	1	0	1	1	0	0	0	0	0	0	1	0	0	0	0	0	0
airplane24	1	0	1	1	0	0	0	0	1	0	1	0	0	0	0	0	0
airplane26	1	0	1	1	0	0	0	0	0	0	1	0	0	0	0	0	0
airplane31	1	0	0	0	0	0	0	0	1	0	1	0	0	0	0	0	0
airplane32	1	0	0	1	0	0	0	0	0	0	1	0	0	0	0	0	0
airplane35	1	0	0	1	0	0	0	0	1	0	1	0	0	0	0	0	0
airplane37	1	0	0	0	0	0	0	0	1	0	1	0	0	0	0	0	0
airplane38	1	0	0	1	0	0	0	0	1	0	1	0	0	0	0	0	0
airplane40	1	0	0	1	0	0	0	0	0	0	1	0	0	0	0	0	0
airplane41	1	0	1	1	0	0	0	0	0	0	1	0	0	0	0	0	0
airplane45	1	0	0	0	0	0	0	0	0	0	1	0	0	0	0	0	0
airplane49	1	0	1	1	0	0	0	0	0	0	1	0	0	0	0	0	0
airplane51	1	0	1	1	0	0	0	0	0	0	1	0	0	0	0	0	0
airplane53	1	0	0	1	0	0	0	0	0	0	1	0	0	0	0	0	0
airplane54	1	0	1	1	0	0	0	0	0	0	1	0	0	0	0	0	0
airplane57	1	0	0	0	0	0	0	0	0	0	1	0	0	0	0	1	0
airplane59	1	0	0	1	0	0	0	0	0	0	1	0	0	0	0	0	0
airplane61	1	0	0	1	0	0	0	0	0	0	1	0	0	0	0	0	0
airplane62	1	0	0	1	0	0	0	0	0	0	1	0	0	0	0	0	0
airplane63	1	0	0	1	0	0	0	0	0	0	1	0	0	0	0	0	0
airplane64	1	0	0	1	0	0	0	0	0	0	1	0	0	0	0	0	0
airplane65	1	0	0	1	0	0	0	0	0	0	1	0	0	0	0	0	0
airplane66	1	0	0	1	0	0	0	0	0	0	1	0	0	0	0	0	0
airplane67	1	0	0	1	0	0	0	0	0	0	1	0	0	0	0	0	0
airplane68	1	0	0	1	0	0	0	0	0	0	1	0	0	0	0	0	0
airplane69	1	0	1	1	0	0	0	0	0	0	1	0	0	0	0	0	0
airplane70	1	0	0	1	0	0	0	0	0	0	1	0	0	0	0	0	0
airplane71	1	0	0	1	0	0	0	0	0	0	1	0	0	0	0	0	0
airplane72	1	0	0	0	0	0	0	0	0	0	1	0	0	0	0	0	0
airplane74	1	0	0	0	0	0	0	0	0	0	1	0	0	0	0	0	0
airplane75	1	0	0	0	0	0	0	0	0	0	1	0	0	0	0	0	0
airplane76	1	0	0	0	0	0	0	0	0	0	1	0	0	0	0	0	0
airplane77	1	0	0	0	0	0	0	0	0	0	1	0	0	0	0	0	0
airplane78	1	0	0	0	0	0	0	0	1	0	1	0	0	0	0	0	0
airplane79	1	0	1	0	0	0	0	0	0	0	1	0	0	0	0	0	0
airplane80	1	0	0	0	0	0	0	0	0	0	1	0	0	0	0	0	0
airplane81	1	0	1	0	0	0	0	0	0	0	1	0	0	0	0	0	0
airplane82	1	0	1	1	0	0	0	0	0	0	1	0	0	0	0	0	0
airplane83	1	0	0	0	0	0	0	0	0	0	1	0	0	0	0	0	0
airplane84	1	0	0	0	0	0	0	0	0	0	1	0	0	0	0	0	0
airplane85	1	0	1	0	0	0	0	0	0	0	1	0	0	0	0	0	0
airplane86	1	0	1	0	0	0	0	0	0	0	1	0	0	0	0	0	0
airplane87	1	0	0	1	0	0	0	0	0	0	1	0	0	0	0	0	0
airplane88	1	0	0	0	0	0	0	0	0	0	1	0	0	0	0	0	0
airplane89	1	0	0	1	0	0	0	0	0	0	1	0	0	0	0	0	0
airplane90	1	0	0	0	0	0	0	0	0	0	1	0	0	0	0	0	0
airplane91	1	0	0	1	0	0	0	0	0	0	1	0	0	0	0	0	0
airplane92	1	0	1	0	0	0	0	0	0	0	1	0	0	0	0	0	0
airplane93	1	0	0	1	0	0	0	0	0	0	1	0	0	0	0	0	0
airplane94	1	0	0	0	0	0	0	0	0	0	1	0	0	0	0	0	0
airplane95	1	0	0	1	0	0	0	0	0	0	1	0	0	0	0	0	0
airplane96	1	0	0	1	0	0	0	0	0	0	1	0	0	0	0	0	0
airplane97	1	0	0	1	0	0	0	0	0	0	1	0	0	0	0	0	0
airplane98	1	0	0	1	0	0	0	0	0	0	1	0	0	0	0	0	0
airplane99	1	0	1	1	0	0	0	0	0	0	1	0	0	0	0	0	0
baseballdiamond06	0	1	0	0	0	0	0	0	1	0	1	0	0	0	0	1	0
baseballdiamond10	0	1	0	0	0	0	0	0	1	0	0	0	0	0	0	1	0
baseballdiamond12	0	1	1	0	0	0	0	0	1	0	0	0	0	0	0	0	0
baseballdiamond17	0	1	1	0	0	0	0	0	1	0	1	0	0	0	0	0	0
baseballdiamond18	0	1	1	0	0	0	0	0	1	0	0	0	0	0	0	0	0
baseballdiamond24	0	1	0	0	0	0	0	0	1	0	0	0	0	0	0	0	0
baseballdiamond25	0	1	1	0	0	0	0	0	1	0	1	0	0	0	0	0	0
baseballdiamond26	0	1	0	0	0	0	0	0	1	0	0	0	0	0	0	1	0
baseballdiamond30	0	1	1	0	0	0	0	0	1	0	0	0	0	0	0	1	0
baseballdiamond32	0	1	0	0	0	0	0	0	1	0	0	0	0	0	0	0	0
baseballdiamond34	0	1	0	0	0	0	0	0	1	0	0	0	0	0	0	0	0
baseballdiamond37	0	1	1	0	0	0	0	0	1	0	1	0	0	0	0	1	0
baseballdiamond38	0	1	1	0	0	0	0	0	1	0	0	0	0	0	0	1	0
baseballdiamond42	0	1	1	0	0	0	0	0	1	0	0	0	0	0	0	0	0
baseballdiamond47	0	1	1	1	0	0	0	0	1	0	1	0	0	0	0	1	0
baseballdiamond50	0	1	1	0	0	0	0	0	1	0	1	0	0	0	0	0	0
baseballdiamond53	0	1	0	0	0	0	0	0	1	0	0	0	0	0	0	1	0
baseballdiamond54	0	1	0	0	0	0	0	0	1	0	0	0	0	0	0	1	0
baseballdiamond56	0	1	1	0	0	0	0	0	1	0	0	0	0	0	0	0	0
baseballdiamond60	0	1	1	0	0	0	0	0	0	0	1	0	0	0	0	0	0
baseballdiamond61	0	1	1	0	0	0	0	0	0	0	1	0	0	0	0	1	0
baseballdiamond62	0	1	1	0	0	0	0	0	1	0	1	0	0	0	0	1	0
baseballdiamond64	0	1	1	0	0	0	0	0	0	0	1	0	0	0	0	1	0
baseballdiamond67	0	1	0	0	0	0	0	0	1	0	0	0	0	0	0	0	0
baseballdiamond68	0	1	0	0	0	0	0	0	1	0	0	0	0	0	0	0	0
baseballdiamond69	0	1	0	0	0	0	0	0	1	0	0	0	0	0	0	0	0
baseballdiamond70	0	1	0	0	0	0	0	0	1	0	0	0	0	0	0	0	0
baseballdiamond72	0	1	0	1	0	0	0	0	1	0	1	0	0	0	0	1	0
baseballdiamond73	0	1	0	0	0	0	0	0	1	0	0	0	0	0	0	0	0
baseballdiamond75	0	1	0	0	0	0	0	0	1	0	0	0	0	0	0	1	0
baseballdiamond76	0	1	0	0	0	0	0	0	1	0	0	0	0	0	0	0	0
baseballdiamond77	0	1	0	0	0	0	0	0	1	0	0	0	0	0	0	1	0
baseballdiamond78	0	1	0	0	0	0	0	0	1	0	0	0	0	0	0	1	0
baseballdiamond81	0	1	1	0	0	0	0	0	1	0	1	0	0	0	0	1	0
baseballdiamond82	0	1	1	0	0	0	0	0	1	0	0	0	0	0	0	0	0
baseballdiamond83	0	1	0	0	0	0	0	0	1	0	0	0	0	0	0	0	0
baseballdiamond84	0	1	0	0	0	0	0	0	1	0	0	0	0	0	0	0	0
baseballdiamond86	0	1	1	0	0	0	0	0	1	0	0	0	0	0	0	0	0
baseballdiamond88	0	1	0	0	0	0	0	0	1	0	0	0	0	0	0	1	0
baseballdiamond92	0	1	1	0	0	0	0	0	1	0	0	0	0	0	0	1	0
baseballdiamond93	0	1	1	0	0	0	0	0	1	0	0	0	0	0	0	1	0
baseballdiamond94	0	1	0	0	0	0	0	0	1	0	0	0	0	0	0	1	0
baseballdiamond97	0	1	1	0	0	0	0	0	1	0	0	0	0	0	0	1	0
baseballdiamond98	0	1	1	0	0	0	0	0	1	0	0	0	0	0	0	1	0
beach01	0	0	0	0	0	0	0	0	0	0	0	1	1	0	0	0	0
beach05	0	0	0	0	0	0	0	0	0	0	0	1	1	0	0	0	0
beach09	0	0	0	0	0	0	0	0	0	0	0	1	1	0	0	0	0
beach14	0	0	0	0	0	0	0	0	0	0	0	1	1	0	0	0	0
beach16	0	0	0	0	0	0	0	0	0	0	0	1	1	0	0	0	0
beach21	0	0	0	0	0	0	0	0	0	0	0	1	1	0	0	0	0
beach25	0	0	0	0	0	0	0	0	0	0	0	1	1	0	0	0	0
beach32	0	0	0	0	0	0	0	0	0	0	0	1	1	0	0	0	0
beach36	0	0	0	0	0	0	0	0	0	0	0	1	1	0	0	0	0
beach37	0	0	0	0	0	0	0	0	0	0	0	1	1	0	0	0	0
beach41	0	0	0	1	0	0	0	0	0	0	1	1	1	0	0	1	0
beach42	0	0	0	0	0	0	0	0	1	0	1	1	1	0	0	1	0
beach44	0	0	0	0	0	0	0	0	0	0	0	1	1	0	0	0	0
beach46	0	0	0	0	0	0	0	0	0	0	0	1	1	0	0	0	0
beach48	0	0	0	0	0	0	0	0	0	0	0	1	1	0	0	0	0
beach49	0	0	0	0	0	0	0	0	0	0	0	1	1	0	0	0	0
beach52	0	0	0	0	0	0	0	0	0	0	0	1	1	0	0	0	0
beach53	0	0	0	0	0	0	0	0	0	0	0	1	1	0	0	0	0
beach55	0	0	0	0	0	0	0	0	0	0	0	1	1	0	0	0	0
beach57	0	0	0	0	0	0	0	0	0	0	0	1	1	0	0	0	0
beach60	0	0	0	0	0	0	0	0	0	0	0	1	1	0	0	0	0
beach61	0	0	0	0	0	0	0	0	0	0	0	1	1	0	0	0	0
beach62	0	0	0	0	0	0	0	0	0	0	0	1	1	0	0	0	0
beach63	0	0	0	0	0	0	0	0	0	0	0	1	1	0	0	0	0
beach64	0	0	0	0	0	0	0	0	0	0	0	1	1	0	0	0	0
beach65	0	0	0	0	0	0	0	0	0	0	0	1	1	0	0	0	0
beach66	0	0	0	0	0	0	0	0	0	0	0	1	1	0	0	0	0
beach67	0	0	0	0	0	0	0	0	0	0	0	1	1	0	0	0	0
beach68	0	0	0	0	0	0	0	0	0	0	0	1	1	0	0	0	0
beach69	0	0	0	0	0	0	0	0	0	0	0	1	1	0	0	0	0
beach70	0	0	0	0	0	0	0	0	0	0	0	1	1	0	0	0	0
beach71	0	0	0	0	0	0	0	0	0	0	0	1	1	0	0	0	0
beach72	0	0	0	0	0	0	0	0	0	0	0	1	1	0	0	0	0
beach73	0	0	0	0	0	0	0	0	0	0	0	1	1	0	0	0	0
beach74	0	0	0	0	0	0	0	0	0	0	0	1	1	0	0	0	0
beach75	0	0	0	0	0	0	0	0	0	0	0	1	1	0	0	0	0
beach76	0	0	0	0	0	0	0	0	0	0	0	1	1	0	0	0	0
beach77	0	0	0	0	0	0	0	0	0	0	0	1	1	0	0	0	0
beach78	0	0	0	0	0	0	0	0	0	0	0	1	1	0	0	0	0
beach79	0	0	0	0	0	0	0	0	0	0	0	1	1	0	0	0	0
beach80	0	0	0	0	0	0	0	0	0	0	0	1	1	0	0	0	0
beach81	0	0	0	0	0	0	0	0	0	0	0	1	1	0	0	0	0
beach82	0	0	0	0	0	0	0	0	0	0	0	1	1	0	0	0	0
beach83	0	0	0	0	0	0	0	0	0	0	0	1	1	0	0	0	0
beach84	0	0	0	0	0	0	0	0	0	0	0	1	1	0	0	0	0
beach85	0	0	0	0	0	0	0	0	0	0	0	1	1	0	0	0	0
beach86	0	0	0	0	0	0	0	0	0	0	0	1	1	0	0	0	0
beach87	0	0	0	0	0	0	0	0	0	0	0	1	1	0	0	0	0
beach88	0	0	0	0	0	0	0	0	0	0	0	1	1	0	0	0	0
beach89	0	0	0	0	0	0	0	0	0	0	0	1	1	0	0	0	0
beach90	0	0	0	0	0	0	0	0	0	0	0	1	1	0	0	0	0
beach91	0	0	0	0	0	0	0	0	0	0	0	1	1	0	0	0	0
beach92	0	0	0	0	0	0	0	0	0	0	0	1	1	0	0	0	0
beach93	0	0	0	0	0	0	0	0	0	0	0	1	1	0	0	0	0
beach94	0	0	0	0	0	0	0	0	0	0	0	1	1	0	0	0	0
beach95	0	0	0	0	0	0	0	0	0	0	0	1	1	0	0	0	0
beach96	0	0	0	0	0	0	0	0	0	0	0	1	1	0	0	0	0
beach97	0	0	0	0	0	0	0	0	0	0	0	1	1	0	0	0	0
beach98	0	0	0	0	0	0	0	0	0	0	0	1	1	0	0	0	0
beach99	0	0	0	0	0	0	0	0	0	0	0	1	1	0	0	0	0
buildings00	0	0	1	1	0	0	0	0	0	0	1	0	0	0	0	0	0
buildings01	0	0	1	0	0	0	0	0	0	0	1	0	0	0	0	0	0
buildings03	0	0	1	1	0	0	0	0	0	0	1	0	0	0	0	1	0
buildings04	0	0	1	0	0	0	0	0	0	0	1	0	0	0	0	0	0
buildings07	0	0	1	0	0	0	0	0	0	0	1	0	0	0	0	0	0
buildings11	0	0	1	1	0	0	0	0	0	0	1	0	0	0	0	1	0
buildings12	0	0	1	0	0	0	0	0	0	0	1	0	0	0	0	1	0
buildings14	0	0	1	1	0	0	0	0	0	0	1	0	0	0	0	1	0
buildings17	0	0	1	0	0	0	0	0	0	0	1	0	0	0	0	1	0
buildings18	0	0	1	0	0	0	0	0	0	0	1	0	0	0	0	0	0
buildings23	0	0	1	0	0	0	0	0	0	0	0	0	0	0	0	0	0
buildings24	0	0	1	0	0	0	0	0	0	0	1	0	0	0	0	0	0
buildings25	0	0	1	0	0	0	0	0	0	0	1	0	0	0	0	0	0
buildings29	0	0	1	0	0	0	0	0	0	0	1	0	0	0	0	1	0
buildings30	0	0	1	1	0	0	0	0	1	0	1	0	0	0	0	1	0
buildings31	0	0	1	1	0	0	0	0	0	0	1	0	0	0	0	1	0
buildings33	0	0	1	0	0	0	0	0	0	0	1	0	0	0	0	1	0
buildings34	0	0	1	0	0	0	0	0	0	0	1	0	0	0	0	1	0
buildings38	0	0	1	0	0	0	0	0	0	0	1	0	0	0	0	0	0
buildings42	0	1	1	0	0	0	0	0	0	0	0	0	0	0	0	1	0
buildings44	0	0	1	0	0	0	0	0	0	0	1	0	0	0	0	0	0
buildings45	0	0	1	0	0	0	0	0	0	0	1	0	0	0	0	1	0
buildings49	0	0	1	0	0	0	0	0	0	0	1	0	0	0	0	1	0
buildings50	0	0	1	0	0	0	0	0	0	0	1	0	0	0	0	1	0
buildings51	0	0	1	0	0	0	0	0	1	0	0	0	0	0	0	0	0
buildings52	0	0	1	0	0	0	0	0	1	0	0	0	0	0	0	0	0
buildings55	0	0	1	0	0	0	0	0	0	0	1	0	0	0	0	1	0
buildings56	0	0	1	0	0	0	0	0	1	0	0	0	0	0	0	0	0
buildings58	0	0	1	1	0	0	0	0	1	0	1	0	0	0	0	1	0
buildings59	0	0	1	0	0	0	0	0	0	0	1	0	0	0	0	1	0
buildings62	0	0	1	0	0	0	0	0	0	0	1	0	0	0	0	0	0
buildings63	0	0	1	1	0	0	0	0	1	0	1	0	0	0	0	0	0
buildings64	0	0	1	0	0	0	0	0	1	0	0	0	0	0	0	0	0
buildings65	0	0	1	0	0	0	0	0	0	0	0	0	0	0	0	0	0
buildings66	0	0	1	1	0	0	0	0	0	0	1	0	0	0	0	1	0
buildings71	0	0	1	0	0	0	0	0	1	0	0	0	0	0	0	1	0
buildings72	0	0	1	0	0	0	0	0	1	0	0	0	0	0	0	1	0
buildings75	0	0	1	1	0	0	0	0	0	0	1	0	0	0	0	1	0
buildings76	0	0	1	1	0	0	0	0	1	0	1	0	0	0	0	1	0
buildings77	0	0	1	0	0	0	0	0	1	0	0	0	0	0	0	0	0
buildings82	0	0	1	0	0	0	0	0	0	0	1	0	0	0	0	0	0
buildings83	0	0	1	0	0	0	0	0	0	0	1	0	0	0	0	0	0
buildings85	0	0	1	0	0	0	0	0	1	0	0	0	0	0	0	0	0
buildings89	0	0	1	1	0	0	0	0	0	0	1	0	0	0	0	1	0
buildings94	0	0	1	1	0	0	0	0	1	0	1	0	0	0	0	0	0
buildings95	0	1	1	0	0	0	0	0	0	0	1	0	0	0	0	0	0
buildings96	0	0	1	0	0	0	0	0	0	0	1	0	0	0	0	0	0
buildings97	0	0	1	0	0	0	0	0	0	0	1	0	0	0	0	1	0
buildings98	0	0	1	0	0	0	0	0	0	0	0	0	0	0	0	0	0
buildings99	0	0	1	0	0	0	0	0	0	0	0	0	0	0	0	0	0
chaparral00	0	1	0	0	1	0	0	0	0	0	0	0	0	0	0	0	0
chaparral04	0	1	0	0	1	0	0	0	0	0	0	0	0	0	0	0	0
chaparral08	0	1	0	0	1	0	0	0	0	0	0	0	0	0	0	0	0
chaparral10	0	1	0	0	1	0	0	0	0	0	0	0	0	0	0	0	0
chaparral14	0	1	0	0	1	0	0	0	0	0	0	0	0	0	0	0	0
chaparral18	0	1	0	0	1	0	0	0	0	0	0	0	0	0	0	0	0
chaparral22	0	1	0	0	1	0	0	0	0	0	0	0	0	0	0	0	0
chaparral26	0	1	0	0	1	0	0	0	0	0	0	0	0	0	0	0	0
chaparral32	0	1	0	0	1	0	0	0	0	0	0	0	0	0	0	0	0
chaparral34	0	1	0	0	1	0	0	0	0	0	0	0	0	0	0	0	0
chaparral37	0	1	0	0	1	0	0	0	0	0	0	0	0	0	0	0	0
chaparral39	0	1	0	0	1	0	0	0	0	0	0	0	0	0	0	0	0
chaparral41	0	1	0	0	1	0	0	0	0	0	0	0	0	0	0	0	0
chaparral42	0	1	0	0	1	0	0	0	0	0	0	0	0	0	0	0	0
chaparral45	0	1	0	0	1	0	0	0	0	0	0	0	0	0	0	0	0
chaparral46	0	1	0	0	1	0	0	0	0	0	0	0	0	0	0	0	0
chaparral48	0	1	0	0	1	0	0	0	0	0	0	0	0	0	0	0	0
chaparral50	0	1	0	0	1	0	0	0	0	0	0	0	0	0	0	0	0
chaparral52	0	1	0	0	1	0	0	0	0	0	0	0	0	0	0	0	0
chaparral54	0	1	0	0	1	0	0	0	0	0	0	0	0	0	0	0	0
chaparral55	0	1	0	0	1	0	0	0	0	0	0	0	0	0	0	0	0
chaparral56	0	1	0	0	1	0	0	0	0	0	0	0	0	0	0	0	0
chaparral57	0	1	0	0	1	0	0	0	0	0	0	0	0	0	0	0	0
chaparral58	0	1	0	0	1	0	0	0	0	0	0	0	0	0	0	0	0
chaparral59	0	1	0	0	1	0	0	0	0	0	0	0	0	0	0	0	0
chaparral60	0	1	0	0	0	0	0	0	0	0	0	0	0	0	0	0	0
chaparral61	0	1	0	0	0	0	0	0	0	0	0	0	0	0	0	0	0
chaparral62	0	1	0	0	0	0	0	0	0	0	0	0	0	0	0	0	0
chaparral63	0	1	0	0	0	0	0	0	0	0	0	0	0	0	0	0	0
chaparral64	0	1	0	0	0	0	0	0	0	0	0	0	0	0	0	0	0
chaparral65	0	1	0	0	0	0	0	0	0	0	0	0	0	0	0	0	0
chaparral66	0	1	0	0	0	0	0	0	0	0	0	0	0	0	0	0	0
chaparral67	0	1	0	0	1	0	0	0	0	0	0	0	0	0	0	0	0
chaparral68	0	1	0	0	1	0	0	0	0	0	0	0	0	0	0	0	0
chaparral69	0	1	0	0	1	0	0	0	0	0	0	0	0	0	0	0	0
chaparral70	0	1	0	0	1	0	0	0	0	0	0	0	0	0	0	0	0
chaparral71	0	1	0	0	1	0	0	0	0	0	0	0	0	0	0	0	0
chaparral72	0	1	0	0	1	0	0	0	0	0	0	0	0	0	0	0	0
chaparral73	0	1	0	0	1	0	0	0	0	0	0	0	0	0	0	0	0
chaparral74	0	1	0	0	1	0	0	0	0	0	0	0	0	0	0	0	0
chaparral75	0	1	0	0	1	0	0	0	0	0	0	0	0	0	0	0	0
chaparral76	0	1	0	0	1	0	0	0	0	0	0	0	0	0	0	0	0
chaparral77	0	1	0	0	1	0	0	0	0	0	0	0	0	0	0	0	0
chaparral78	0	1	0	0	1	0	0	0	0	0	0	0	0	0	0	0	0
chaparral79	0	1	0	0	1	0	0	0	0	0	0	0	0	0	0	0	0
chaparral80	0	1	0	0	1	0	0	0	0	0	0	0	0	0	0	0	0
chaparral81	0	1	0	0	1	0	0	0	0	0	0	0	0	0	0	0	0
chaparral82	0	1	0	0	1	0	0	0	0	0	0	0	0	0	0	0	0
chaparral83	0	1	0	0	1	0	0	0	0	0	0	0	0	0	0	0	0
chaparral84	0	1	0	0	1	0	0	0	0	0	0	0	0	0	0	0	0
chaparral85	0	1	0	0	1	0	0	0	0	0	0	0	0	0	0	0	0
chaparral86	0	1	0	0	1	0	0	0	0	0	0	0	0	0	0	0	0
chaparral87	0	1	0	0	1	0	0	0	0	0	0	0	0	0	0	0	0
chaparral88	0	1	0	0	1	0	0	0	0	0	0	0	0	0	0	0	0
chaparral89	0	1	0	0	1	0	0	0	0	0	0	0	0	0	0	0	0
chaparral90	0	1	0	0	1	0	0	0	0	0	0	0	0	0	0	0	0
chaparral91	0	1	0	0	1	0	0	0	0	0	0	0	0	0	0	0	0
chaparral92	0	1	0	0	1	0	0	0	0	0	0	0	0	0	0	0	0
chaparral93	0	1	0	0	1	0	0	0	0	0	0	0	0	0	0	0	0
chaparral94	0	1	0	0	1	0	0	0	0	0	0	0	0	0	0	0	0
chaparral95	0	1	0	0	1	0	0	0	0	0	0	0	0	0	0	0	0
chaparral96	0	1	0	0	1	0	0	0	0	0	0	0	0	0	0	0	0
chaparral97	0	1	0	0	1	0	0	0	0	0	0	0	0	0	0	0	0
chaparral98	0	1	0	0	1	0	0	0	0	0	0	0	0	0	0	0	0
chaparral99	0	1	0	0	1	0	0	0	0	0	0	0	0	0	0	0	0
denseresidential00	0	1	1	0	0	0	0	0	0	0	1	0	0	0	0	1	0
denseresidential05	0	0	1	1	0	0	0	0	0	0	1	0	0	0	0	0	0
denseresidential06	0	0	1	0	0	0	0	0	0	0	1	0	0	0	0	0	0
denseresidential07	0	0	1	0	0	0	0	0	0	0	1	0	0	0	0	0	0
denseresidential08	0	1	1	0	0	0	0	0	0	0	1	0	0	0	0	1	0
denseresidential09	0	1	1	1	0	0	0	0	1	0	1	0	0	0	0	1	0
denseresidential11	0	0	1	0	0	0	0	0	0	0	1	0	0	0	0	1	0
denseresidential13	0	0	1	1	0	0	0	0	0	0	1	0	0	0	0	1	0
denseresidential17	0	0	1	0	0	0	0	0	0	0	1	0	0	0	0	1	0
denseresidential21	0	0	1	0	0	0	0	0	1	0	0	0	0	0	0	1	0
denseresidential22	0	0	1	0	0	0	0	0	1	0	0	0	0	0	0	1	0
denseresidential24	0	0	1	0	0	0	0	0	1	0	1	0	0	0	0	1	0
denseresidential25	0	0	1	0	0	0	0	0	1	0	0	0	0	0	0	1	0
denseresidential26	0	1	1	1	0	0	0	0	0	0	1	0	0	0	0	0	0
denseresidential33	0	1	1	1	0	0	0	0	0	0	1	0	0	0	0	1	0
denseresidential37	0	1	1	0	0	0	0	0	0	0	1	0	0	0	0	1	0
denseresidential41	0	0	1	1	0	0	0	0	1	0	1	0	0	0	0	1	0
denseresidential42	0	0	1	1	0	0	0	0	0	0	1	0	0	0	0	1	0
denseresidential45	0	0	1	0	0	0	0	0	0	0	1	0	0	0	0	1	0
denseresidential49	0	0	1	1	0	0	0	0	0	0	1	0	0	0	0	1	0
denseresidential51	0	0	1	1	0	0	0	0	1	0	1	0	0	0	0	1	0
denseresidential55	0	0	1	1	0	0	0	0	1	0	1	0	0	0	0	1	0
denseresidential59	0	0	1	1	0	0	0	0	1	0	1	0	0	0	0	1	0
denseresidential60	0	0	1	0	0	0	0	0	0	0	1	0	0	0	0	1	0
denseresidential66	0	0	1	1	0	0	0	0	1	0	0	0	0	0	0	1	0
denseresidential69	0	0	1	0	0	0	0	0	1	0	0	0	0	0	0	1	0
denseresidential70	0	0	1	0	0	0	0	0	1	0	1	0	0	0	0	1	0
denseresidential73	0	0	1	0	0	0	0	0	0	0	1	0	0	0	0	1	0
denseresidential74	0	0	1	1	0	0	0	0	1	0	1	0	0	0	0	0	0
denseresidential78	0	0	1	1	0	0	0	0	1	0	1	0	0	0	0	0	0
denseresidential81	0	0	1	1	0	0	0	0	1	0	1	0	0	0	0	1	0
denseresidential86	0	0	1	1	0	0	0	0	1	0	1	0	0	0	0	1	0
denseresidential88	0	1	1	1	0	0	0	0	0	0	1	0	0	0	0	1	0
denseresidential92	0	1	1	1	0	0	0	0	0	0	1	0	0	0	0	1	0
denseresidential94	0	1	1	1	0	0	0	0	0	0	1	0	0	0	0	1	0
denseresidential97	0	1	1	1	0	0	0	0	1	0	0	0	0	0	0	1	0
forest03	0	0	0	0	0	0	0	0	0	0	0	0	0	0	0	1	0
forest07	0	0	0	0	0	0	0	0	0	0	0	0	0	0	0	1	0
forest08	0	0	1	0	0	0	0	0	1	0	0	0	0	0	0	1	0
forest12	0	0	0	0	0	0	0	0	0	0	0	0	0	0	0	1	0
forest16	0	0	0	0	0	0	0	0	0	0	0	0	0	0	0	1	0
forest19	0	0	0	0	0	0	0	0	0	0	0	0	0	0	0	1	0
forest21	0	0	0	0	0	0	0	0	0	0	0	0	0	0	0	1	0
forest23	0	0	0	0	0	0	0	0	0	0	0	0	0	0	0	1	0
forest25	0	0	0	0	0	0	0	0	0	0	0	0	0	0	0	1	0
forest27	0	0	0	0	0	0	0	0	0	0	0	0	0	0	0	1	0
forest29	0	0	0	0	0	0	0	0	0	0	0	0	0	0	0	1	0
forest31	0	0	0	0	0	0	0	0	0	0	0	0	0	0	0	1	0
forest33	0	0	0	0	0	0	0	0	0	0	0	0	0	0	0	1	0
forest35	0	0	0	0	0	0	0	0	0	0	0	0	0	0	0	1	0
forest37	0	0	0	0	0	0	0	0	0	0	0	0	0	0	0	1	0
forest39	0	0	0	0	0	0	0	0	0	0	0	0	0	0	0	1	0
forest41	0	0	0	0	0	0	0	0	0	0	0	0	0	0	0	1	0
forest43	0	0	0	0	0	0	0	0	0	0	0	0	0	0	0	1	0
forest45	0	0	0	0	0	0	0	0	0	0	0	0	0	0	0	1	0
forest47	0	0	0	0	0	0	0	0	0	0	0	0	0	0	0	1	0
forest49	0	0	0	0	0	0	0	0	0	0	0	0	0	0	0	1	0
forest51	0	0	0	0	0	0	0	0	0	0	0	0	0	0	0	1	0
forest53	0	0	0	0	0	0	0	0	0	0	0	0	0	0	0	1	0
forest55	0	0	0	0	0	0	0	0	0	0	0	0	0	0	0	1	0
forest57	0	0	0	0	0	0	0	0	0	0	0	0	0	0	0	1	0
forest59	0	0	0	0	0	0	0	0	0	0	0	0	0	0	0	1	0
forest61	0	0	0	0	0	0	0	0	0	0	0	0	0	0	0	1	0
forest63	0	0	0	0	0	0	0	0	0	0	0	0	0	0	0	1	0
forest65	0	0	0	0	0	0	0	0	0	0	0	0	0	0	0	1	0
forest67	0	0	0	0	0	0	0	0	0	0	0	0	0	0	0	1	0
forest68	0	0	0	0	0	0	0	0	0	0	0	0	0	0	0	1	0
forest69	0	0	0	0	0	0	0	0	0	0	0	0	0	0	0	1	0
forest70	0	0	0	0	0	0	0	0	0	0	0	0	0	0	0	1	0
forest71	0	0	0	0	0	0	0	0	0	0	0	0	0	0	0	1	0
forest72	0	0	0	0	0	0	0	0	0	0	0	0	0	0	0	1	0
forest73	0	0	0	0	0	0	0	0	0	0	0	0	0	0	0	1	0
forest74	0	0	0	0	0	0	0	0	0	0	0	0	0	0	0	1	0
forest75	0	0	0	0	0	0	0	0	0	0	0	0	0	0	0	1	0
forest76	0	0	0	0	0	0	0	0	0	0	0	0	0	0	0	1	0
forest77	0	0	0	0	0	0	0	0	0	0	0	0	0	0	0	1	0
forest78	0	0	0	0	0	0	0	0	0	0	0	0	0	0	0	1	0
forest79	0	0	0	0	0	0	0	0	0	0	0	0	0	0	0	1	0
forest80	0	0	0	0	0	0	0	0	0	0	0	0	0	0	0	1	0
forest81	0	0	0	0	0	0	0	0	0	0	0	0	0	0	0	1	0
forest82	0	0	0	0	0	0	0	0	0	0	0	0	0	0	0	1	0
forest83	0	0	0	0	0	0	0	0	0	0	0	0	0	0	0	1	0
forest84	0	0	0	0	0	0	0	0	0	0	0	0	0	0	0	1	0
forest85	0	0	0	0	0	0	0	0	0	0	0	0	0	0	0	1	0
forest86	0	0	0	0	0	0	0	0	0	0	0	0	0	0	0	1	0
forest87	0	0	0	0	0	0	0	0	0	0	0	0	0	0	0	1	0
forest88	0	0	0	0	0	0	0	0	0	0	0	0	0	0	0	1	0
forest89	0	0	0	0	0	0	0	0	0	0	0	0	0	0	0	1	0
forest90	0	0	0	0	0	0	0	0	0	0	0	0	0	0	0	1	0
forest91	0	0	0	0	0	0	0	0	0	0	0	0	0	0	0	1	0
forest92	0	0	0	0	0	0	0	0	0	0	0	0	0	0	0	1	0
forest93	0	0	0	0	0	0	0	0	0	0	0	0	0	0	0	1	0
forest94	0	0	0	0	0	0	0	0	0	0	0	0	0	0	0	1	0
forest95	0	0	0	0	0	0	0	0	0	0	0	0	0	0	0	1	0
forest96	0	0	0	0	0	0	0	0	0	0	0	0	0	0	0	1	0
forest97	0	0	0	0	0	0	0	0	0	0	0	0	0	0	0	1	0
forest98	0	0	0	0	0	0	0	0	0	0	0	0	0	0	0	1	0
forest99	0	0	0	0	0	0	0	0	0	0	0	0	0	0	0	1	0
freeway00	0	0	0	1	0	0	0	0	1	0	1	0	0	0	0	1	0
freeway05	0	1	0	1	0	0	0	0	0	0	1	0	0	0	0	1	0
freeway08	0	1	0	1	0	0	0	0	1	0	1	0	0	0	0	1	0
freeway15	0	0	0	1	0	0	0	0	1	0	1	0	0	0	0	1	0
freeway19	0	0	0	1	0	0	0	0	1	0	1	0	0	0	0	0	0
freeway23	0	0	0	1	0	0	0	0	1	0	1	0	0	0	0	0	0
freeway24	0	0	0	1	0	0	0	0	0	0	1	0	0	0	0	1	0
freeway28	0	1	0	1	0	0	0	0	1	0	1	0	0	0	0	0	0
freeway32	0	0	0	1	0	0	0	0	1	0	1	0	0	0	0	0	0
freeway36	0	0	0	1	0	0	0	0	1	0	1	0	0	0	0	0	0
freeway40	0	0	0	1	0	0	0	0	1	0	1	0	0	0	0	0	0
freeway45	0	1	0	1	0	0	0	0	0	0	1	0	0	0	0	0	0
freeway47	0	1	0	1	0	0	0	0	0	0	1	0	0	0	0	0	0
freeway53	0	1	0	1	0	0	0	0	0	0	1	0	0	0	0	0	0
freeway55	0	1	0	1	0	0	0	0	0	0	1	0	0	0	0	0	0
freeway56	0	1	0	0	0	0	0	0	0	0	1	0	0	0	0	1	0
freeway60	0	1	0	1	1	0	0	0	0	0	1	0	0	0	0	1	0
freeway63	0	1	0	1	1	0	0	0	0	0	1	0	0	0	0	1	0
freeway66	0	0	0	1	0	0	0	0	1	0	1	0	0	0	0	1	0
freeway68	0	1	0	1	0	0	0	0	0	0	1	0	0	0	0	1	0
freeway74	0	0	0	1	0	0	0	0	1	0	1	0	0	0	0	0	0
freeway76	0	0	0	1	0	0	0	0	0	0	1	0	0	0	0	1	0
freeway79	0	0	1	1	0	0	0	0	1	0	1	0	0	0	0	1	0
freeway83	0	1	0	1	0	0	0	0	0	0	1	0	0	0	0	1	0
freeway85	0	1	0	1	0	0	0	0	1	0	1	0	0	0	0	0	0
freeway86	0	1	0	1	0	0	0	0	0	0	1	0	0	0	0	0	0
freeway88	0	1	0	1	0	0	0	0	0	0	1	0	0	0	0	0	0
freeway92	0	0	0	1	0	0	0	0	1	0	1	0	0	0	0	1	0
freeway94	0	1	0	1	1	0	0	0	0	0	1	0	0	0	0	1	0
freeway95	0	1	0	0	1	0	0	0	0	0	1	0	0	0	0	1	0
golfcourse03	0	0	0	0	0	0	0	0	1	0	0	1	0	0	0	1	0
golfcourse05	0	0	0	0	0	0	0	0	1	0	0	1	0	0	0	1	0
golfcourse07	0	1	0	0	0	0	0	0	1	0	0	0	0	0	0	1	0
golfcourse08	0	1	0	0	0	0	0	0	1	0	0	0	0	0	0	1	0
golfcourse13	0	0	0	0	0	0	0	0	1	0	1	0	0	0	0	1	0
golfcourse16	0	0	0	0	0	0	0	0	1	0	0	1	0	0	0	1	0
golfcourse17	0	0	0	0	0	0	0	0	1	0	1	0	0	0	0	1	0
golfcourse20	0	0	0	0	0	0	0	0	1	0	1	1	0	0	0	1	0
golfcourse25	0	0	0	0	0	0	0	0	1	0	1	1	0	0	0	1	0
golfcourse29	0	1	0	0	0	0	0	0	1	0	0	0	0	0	0	0	0
golfcourse31	0	1	0	0	0	0	0	0	1	0	0	0	0	0	0	0	0
golfcourse32	0	1	0	0	0	0	0	0	1	0	1	1	0	0	0	0	0
golfcourse36	0	1	0	0	0	0	0	0	1	0	0	1	0	0	0	0	0
golfcourse38	0	1	0	0	0	0	0	0	1	0	0	0	0	0	0	0	0
golfcourse41	0	1	0	0	0	0	0	0	1	0	1	1	0	0	0	0	0
golfcourse43	0	1	0	0	0	0	0	0	1	0	1	1	0	0	0	1	0
golfcourse46	0	1	0	0	0	0	0	0	1	0	0	0	0	0	0	1	0
golfcourse47	0	1	0	0	0	0	0	0	1	0	1	0	0	0	0	1	0
golfcourse49	0	1	0	0	0	0	0	0	1	0	1	1	0	0	0	1	0
golfcourse51	0	1	0	0	0	0	0	0	1	0	0	1	0	0	0	1	0
golfcourse53	0	1	0	0	0	0	0	0	1	0	0	0	0	0	0	1	0
golfcourse54	0	1	0	0	0	0	0	0	1	0	1	1	0	0	0	1	0
golfcourse56	0	1	0	0	0	0	0	0	1	0	1	0	0	0	0	1	0
golfcourse57	0	1	0	0	0	0	0	0	1	0	1	1	0	0	0	0	0
golfcourse60	0	1	0	0	0	0	0	0	1	0	1	1	0	0	0	1	0
golfcourse62	0	0	0	0	0	0	0	0	1	0	1	1	0	0	0	0	0
golfcourse64	0	1	0	0	0	0	0	0	1	0	0	0	0	0	0	0	0
golfcourse66	0	1	0	0	0	0	0	0	1	0	1	0	0	0	0	0	0
golfcourse68	0	1	0	0	0	0	0	0	1	0	1	1	0	0	0	0	0
golfcourse74	0	1	0	0	0	0	0	0	1	0	1	0	0	0	0	1	0
golfcourse75	0	0	0	0	0	0	0	0	1	0	1	1	0	0	0	1	0
golfcourse80	0	0	0	0	0	0	0	0	1	0	1	0	0	0	0	1	0
golfcourse81	0	0	0	0	0	0	0	0	1	0	1	1	0	0	0	1	0
golfcourse83	0	0	0	0	0	0	0	0	1	0	1	1	0	0	0	1	0
golfcourse86	0	0	0	0	0	0	0	0	1	0	1	1	0	0	0	1	0
golfcourse88	0	0	0	0	0	0	0	0	1	0	1	1	0	0	0	1	0
golfcourse89	0	0	0	0	0	0	0	0	1	0	1	1	0	0	0	0	0
golfcourse91	0	0	0	0	0	0	0	0	1	0	1	1	0	0	0	1	0
golfcourse92	0	1	0	0	0	0	0	0	1	0	1	0	0	0	0	1	0
golfcourse94	0	0	0	0	0	0	0	0	1	0	1	1	0	0	0	1	0
golfcourse95	0	1	0	0	0	0	0	0	1	0	1	1	0	0	0	1	0
golfcourse98	0	0	0	0	0	0	0	0	1	0	0	1	0	0	0	1	0
golfcourse99	0	0	0	0	0	0	0	0	1	0	0	1	0	0	0	0	0
harbor03	0	0	0	0	0	0	1	0	0	0	0	0	0	1	0	0	1
harbor07	0	0	0	0	0	0	1	0	0	0	0	0	0	1	0	0	1
harbor08	0	0	0	0	0	0	1	0	0	0	0	0	0	1	0	0	1
harbor14	0	0	0	0	0	0	1	0	0	0	0	0	0	1	0	0	1
harbor18	0	0	0	0	0	0	1	0	0	0	0	0	0	1	0	0	1
harbor22	0	0	0	0	0	0	1	0	0	0	0	0	0	1	0	0	1
harbor26	0	0	0	0	0	0	1	0	0	0	0	0	0	1	0	0	1
harbor28	0	0	0	0	0	0	1	0	0	0	0	0	0	1	0	0	1
harbor32	0	0	0	0	0	0	1	0	0	0	0	0	0	1	0	0	1
harbor38	0	0	0	0	0	0	1	0	0	0	0	0	0	1	0	0	1
harbor39	0	0	0	0	0	0	1	0	0	0	0	0	0	1	0	0	1
harbor42	0	0	0	0	0	0	1	0	0	0	0	0	0	1	0	0	1
harbor44	0	0	0	0	0	0	1	0	0	0	0	0	0	1	0	0	1
harbor45	0	0	0	0	0	0	1	0	0	0	0	0	0	1	0	0	1
harbor47	0	0	0	0	0	0	1	0	0	0	0	0	0	1	0	0	1
harbor50	0	0	0	0	0	0	1	0	0	0	0	0	0	1	0	0	1
harbor51	0	0	0	0	0	0	1	0	0	0	0	0	0	1	0	0	1
harbor53	0	0	0	0	0	0	1	0	0	0	0	0	0	1	0	0	1
harbor56	0	0	0	0	0	0	1	0	0	0	0	0	0	1	0	0	1
harbor57	0	0	0	0	0	0	1	0	0	0	0	0	0	1	0	0	1
harbor59	0	0	0	0	0	0	1	0	0	0	0	0	0	1	0	0	1
harbor60	0	0	0	0	0	0	1	0	0	0	0	0	0	1	0	0	1
harbor61	0	0	0	0	0	0	1	0	0	0	0	0	0	1	0	0	1
harbor62	0	0	0	0	0	0	1	0	0	0	0	0	0	1	0	0	1
harbor63	0	0	0	0	0	0	1	0	0	0	0	0	0	1	0	0	1
harbor64	0	0	0	0	0	0	1	0	0	0	0	0	0	1	0	0	1
harbor65	0	0	0	0	0	0	1	0	0	0	0	0	0	1	0	0	1
harbor66	0	0	0	0	0	0	1	0	0	0	0	0	0	1	0	0	1
harbor67	0	0	0	0	0	0	1	0	0	0	0	0	0	1	0	0	1
harbor68	0	0	0	0	0	0	1	0	0	0	0	0	0	1	0	0	1
harbor69	0	0	0	0	0	0	1	0	0	0	0	0	0	1	0	0	1
harbor70	0	0	0	0	0	0	1	0	1	0	0	0	0	1	0	0	1
harbor71	0	0	0	0	0	0	1	0	0	0	0	0	0	1	0	0	1
harbor72	0	0	0	0	0	0	1	0	0	0	0	0	0	1	0	0	1
harbor73	0	0	0	0	0	0	1	0	0	0	0	0	0	1	0	0	1
harbor74	0	0	0	0	0	0	1	0	0	0	0	0	0	1	0	0	1
harbor75	0	0	0	0	0	0	1	0	0	0	0	0	0	1	0	0	1
harbor76	0	0	0	0	0	0	1	0	0	0	0	0	0	1	0	0	1
harbor77	0	0	0	0	0	0	1	0	0	0	0	0	0	1	0	0	1
harbor78	0	0	0	0	0	0	1	0	0	0	0	0	0	1	0	0	1
harbor79	0	0	0	0	0	0	1	0	0	0	0	0	0	1	0	0	1
harbor80	0	0	0	0	0	0	1	0	0	0	0	0	0	1	0	0	1
harbor81	0	0	0	0	0	0	1	0	0	0	0	0	0	1	0	0	1
harbor82	0	0	0	0	0	0	1	0	0	0	0	0	0	1	0	0	1
harbor83	0	0	0	0	0	0	1	0	0	0	0	0	0	1	0	0	1
harbor84	0	0	0	0	0	0	1	0	0	0	0	0	0	1	0	0	1
harbor85	0	0	0	0	0	0	1	0	0	0	0	0	0	1	0	0	1
harbor87	0	0	0	0	0	0	1	0	0	0	0	0	0	1	0	0	1
harbor88	0	0	0	0	0	0	1	0	0	0	0	0	0	1	0	0	1
harbor89	0	0	0	0	0	0	1	0	0	0	0	0	0	1	0	0	1
harbor90	0	0	0	0	0	0	1	0	0	0	0	0	0	1	0	0	1
harbor91	0	0	0	0	0	0	1	0	0	0	0	0	0	1	0	0	1
harbor92	0	0	1	0	0	0	1	0	0	0	0	0	0	1	0	0	1
harbor93	0	0	1	0	0	0	1	0	0	0	0	0	0	1	0	0	1
harbor94	0	0	0	0	0	0	1	0	0	0	0	0	0	1	0	0	1
harbor95	0	0	0	0	0	0	1	0	0	0	0	0	0	1	0	0	1
harbor96	0	0	0	0	0	0	1	0	0	0	0	0	0	1	0	0	1
harbor97	0	0	0	0	0	0	1	0	0	0	0	0	0	1	0	0	1
harbor98	0	0	0	0	0	0	1	0	0	0	0	0	0	1	0	0	1
harbor99	0	0	0	0	0	0	1	0	0	0	0	0	0	1	0	0	1
intersection01	0	0	1	1	0	0	0	0	0	0	1	0	0	0	0	1	0
intersection04	0	0	0	1	0	0	0	0	1	0	1	0	0	0	0	1	0
intersection10	0	0	1	1	0	0	0	0	1	0	1	0	0	0	0	1	0
intersection11	0	1	1	1	0	0	0	0	0	0	1	0	0	0	0	1	0
intersection13	0	0	1	1	0	0	0	0	0	0	1	0	0	0	0	1	0
intersection17	0	1	0	1	0	0	0	0	1	0	1	0	0	0	0	0	0
intersection21	0	0	0	1	0	0	0	0	1	0	1	0	0	0	0	1	0
intersection24	0	0	0	1	0	0	0	0	1	0	1	0	0	0	0	1	0
intersection28	0	0	1	1	0	0	0	0	1	0	1	0	0	0	0	1	0
intersection32	0	1	0	1	0	0	0	0	1	0	1	0	0	0	0	1	0
intersection37	0	1	1	1	0	0	0	0	1	0	1	0	0	0	0	1	0
intersection40	0	1	1	1	0	0	0	0	0	0	1	0	0	0	0	1	0
intersection42	0	1	1	1	0	0	0	0	0	0	1	0	0	0	0	1	0
intersection45	0	1	0	1	0	0	0	0	1	0	1	0	0	0	0	1	0
intersection47	0	1	1	1	0	0	0	0	0	0	1	0	0	0	0	1	0
intersection54	0	1	1	1	0	0	0	0	0	0	1	0	0	0	0	1	0
intersection55	0	1	0	1	0	0	0	0	0	0	1	0	0	0	0	1	0
intersection56	0	1	0	1	0	0	0	0	1	0	1	0	0	0	0	1	0
intersection60	0	0	1	0	0	0	0	0	1	0	1	0	0	0	0	0	0
intersection63	0	0	0	1	0	0	0	0	1	0	1	0	0	0	0	0	0
intersection65	0	0	1	1	0	0	0	0	1	0	1	0	0	0	0	1	0
intersection67	0	0	1	1	0	0	0	0	1	0	1	0	0	0	0	1	0
intersection69	0	1	1	1	0	0	0	0	1	0	1	0	0	0	0	1	0
intersection71	0	0	1	1	0	0	0	0	0	0	1	0	0	0	0	0	0
intersection73	0	0	1	1	0	0	0	0	0	0	1	0	0	0	0	0	0
intersection75	0	1	1	1	0	0	0	0	0	0	1	0	0	0	0	0	0
intersection77	0	0	1	1	0	0	0	0	1	0	1	0	0	0	0	1	0
intersection79	0	0	1	1	0	0	0	0	1	0	1	0	0	0	0	1	0
intersection81	0	0	1	1	0	0	0	0	1	0	1	0	0	0	0	1	0
intersection83	0	1	1	1	0	0	0	0	1	0	1	0	0	0	0	1	0
intersection85	0	0	0	1	0	0	0	0	1	0	1	0	0	0	0	1	0
intersection86	0	1	1	1	0	0	0	0	0	0	1	0	0	0	0	1	0
intersection88	0	1	1	1	0	0	0	0	0	0	1	0	0	0	0	1	0
intersection89	0	1	0	1	0	0	0	0	0	0	1	0	0	0	0	1	0
intersection90	0	1	0	1	0	0	0	0	0	0	1	0	0	0	0	0	0
intersection91	0	1	0	1	0	0	0	0	0	0	1	0	0	0	0	1	0
intersection92	0	1	0	1	0	0	0	0	0	0	1	0	0	0	0	1	0
intersection93	0	1	1	1	0	0	0	0	1	0	1	0	0	0	0	1	0
intersection95	0	1	1	1	0	0	0	0	1	0	1	0	0	0	0	1	0
intersection96	0	1	1	1	0	0	0	0	0	0	1	0	0	0	0	1	0
intersection98	0	1	1	1	0	0	0	0	0	0	1	0	0	0	0	1	0
intersection99	0	1	1	1	0	0	0	0	0	0	1	0	0	0	0	1	0
mediumresidential00	0	0	1	1	0	0	0	0	1	0	0	0	0	0	0	1	0
mediumresidential01	0	0	1	1	0	0	0	0	1	0	0	0	0	0	0	1	0
mediumresidential02	0	0	1	1	0	0	0	0	1	0	0	0	0	0	0	1	0
mediumresidential03	0	1	1	1	0	0	0	0	1	0	0	0	0	0	0	1	0
mediumresidential04	0	0	1	1	0	0	0	0	1	0	0	0	0	0	0	1	0
mediumresidential05	0	1	1	1	0	0	0	0	1	0	0	0	0	0	0	1	0
mediumresidential06	0	0	1	1	0	0	0	0	1	0	1	0	0	0	0	1	0
mediumresidential07	0	0	1	1	0	0	0	0	1	0	0	0	0	0	0	1	0
mediumresidential09	0	0	1	1	0	0	0	0	1	0	0	0	0	0	0	1	0
mediumresidential10	0	0	1	0	0	0	0	0	1	0	0	0	0	0	0	1	0
mediumresidential11	0	0	1	1	0	0	0	0	1	0	1	0	0	0	0	1	0
mediumresidential12	0	0	1	0	0	0	0	0	1	0	0	0	0	0	0	1	0
mediumresidential13	0	0	1	1	0	0	0	0	1	0	0	0	0	0	0	1	0
mediumresidential14	0	0	1	1	0	0	0	0	1	0	0	0	0	0	0	1	0
mediumresidential15	0	0	1	1	0	0	0	0	1	0	0	0	0	0	0	1	0
mediumresidential16	0	0	1	1	0	0	0	0	1	0	0	0	0	0	0	1	0
mediumresidential18	0	1	1	1	0	0	0	0	1	0	1	0	0	0	0	1	0
mediumresidential19	0	1	1	1	0	0	0	0	1	0	0	0	0	0	0	1	0
mediumresidential21	0	0	1	1	0	0	0	0	1	0	1	0	0	0	0	1	0
mediumresidential23	0	0	1	1	0	0	0	0	1	0	1	0	0	0	0	1	0
mediumresidential25	0	0	1	1	0	0	0	0	1	0	1	0	0	0	0	1	0
mediumresidential27	0	0	1	1	0	0	0	0	1	0	1	0	0	0	0	1	0
mediumresidential29	0	1	1	1	0	0	0	0	1	0	1	0	0	0	0	1	0
mediumresidential31	0	1	1	1	0	0	0	0	1	0	1	0	0	0	0	1	0
mediumresidential33	0	1	1	1	0	0	0	0	0	0	1	0	0	0	0	1	0
mediumresidential34	0	1	1	1	0	0	0	0	1	0	1	0	0	0	0	1	0
mediumresidential35	0	1	1	1	0	0	0	0	0	0	0	0	0	0	0	1	0
mediumresidential36	0	1	1	1	0	0	0	0	0	0	0	0	0	0	0	1	0
mediumresidential37	0	1	1	1	0	0	0	0	1	0	0	0	0	0	0	1	0
mediumresidential38	0	1	1	1	0	0	0	0	0	0	1	0	0	0	0	1	0
mediumresidential39	0	1	1	1	0	0	0	0	0	0	0	0	0	0	0	1	0
mediumresidential41	0	1	1	1	0	0	0	0	1	0	1	0	0	0	0	1	0
mediumresidential42	0	1	1	1	0	0	0	0	0	0	1	0	0	0	0	1	0
mediumresidential43	0	1	1	1	0	0	0	0	0	0	0	0	0	0	0	1	0
mediumresidential44	0	1	1	1	0	0	0	0	1	0	0	0	0	0	0	1	0
mediumresidential45	0	1	1	1	0	0	0	0	0	0	1	0	0	0	0	1	0
mediumresidential47	0	1	1	1	0	0	0	0	1	0	0	0	0	0	0	1	0
mediumresidential48	0	1	1	1	0	0	0	0	1	0	1	0	0	0	0	1	0
mediumresidential49	0	1	1	1	0	0	0	0	0	0	1	0	0	0	0	1	0
mediumresidential50	0	1	1	1	0	0	0	0	1	0	0	0	0	0	0	1	0
mediumresidential52	0	1	1	1	0	0	0	0	1	0	1	0	0	0	0	1	0
mediumresidential53	0	1	1	1	0	0	0	0	0	0	1	0	0	0	0	1	0
mediumresidential54	0	1	1	1	0	0	0	0	1	0	0	0	0	0	0	1	0
mediumresidential55	0	1	1	1	0	0	0	0	0	0	0	0	0	0	0	1	0
mediumresidential57	0	0	1	1	0	0	0	0	1	0	1	0	0	0	0	0	0
mediumresidential59	0	1	1	1	0	0	0	0	1	0	1	0	0	0	0	1	0
mediumresidential61	0	0	1	1	0	0	0	0	1	0	1	0	0	0	0	1	0
mediumresidential63	0	0	1	1	0	0	0	0	1	0	1	0	0	0	0	1	0
mediumresidential65	0	1	1	1	0	0	0	0	1	0	1	0	0	0	0	1	0
mediumresidential67	0	1	1	1	0	0	0	0	1	0	1	0	0	0	0	1	0
mediumresidential69	0	0	1	1	0	0	0	0	1	0	0	0	0	0	0	1	0
mediumresidential70	0	0	1	1	0	0	0	0	0	0	1	0	0	0	0	1	0
mediumresidential71	0	0	1	1	0	0	0	0	1	0	1	0	0	0	0	1	0
mediumresidential72	0	0	1	1	0	0	0	0	1	0	0	0	0	0	0	1	0
mediumresidential74	0	0	1	1	0	0	0	0	1	0	1	0	0	0	0	1	0
mediumresidential76	0	0	1	1	0	0	0	0	1	0	1	0	0	0	0	0	0
mediumresidential78	0	0	1	1	0	0	0	0	1	0	1	0	0	0	0	0	0
mediumresidential80	0	0	1	1	0	0	0	0	1	0	1	0	0	0	0	0	0
mediumresidential82	0	0	1	1	0	0	0	0	1	0	0	0	0	0	0	1	0
mediumresidential83	0	0	1	1	0	0	0	0	1	0	1	0	0	0	0	1	0
mediumresidential85	0	0	1	1	0	0	0	0	1	0	1	0	0	0	0	1	0
mediumresidential86	0	0	1	0	0	0	0	0	1	0	0	0	0	0	0	1	0
mediumresidential88	0	0	1	1	0	0	0	0	1	0	0	0	0	0	0	1	0
mediumresidential89	0	0	1	1	0	0	0	0	1	0	0	0	0	0	0	1	0
mediumresidential90	0	0	1	1	0	0	0	0	1	0	0	0	0	0	0	1	0
mediumresidential91	0	0	1	1	0	0	0	0	1	0	0	0	0	0	0	1	0
mediumresidential92	0	1	1	0	0	0	0	0	1	0	1	0	0	0	0	1	0
mediumresidential94	0	0	1	1	0	0	0	0	1	0	1	0	0	0	0	1	0
mediumresidential96	0	0	1	1	0	0	0	0	1	0	1	0	0	0	0	1	0
mediumresidential98	0	0	1	1	0	0	0	0	1	0	0	0	0	0	0	1	0
mediumresidential99	0	0	1	0	0	0	0	0	1	0	0	0	0	0	0	1	0
mobilehomepark00	0	0	0	1	0	0	0	0	0	1	1	0	0	0	0	1	0
mobilehomepark04	0	1	0	1	0	0	0	0	0	1	1	0	0	0	0	1	0
mobilehomepark08	0	1	0	1	0	0	0	0	1	1	1	0	0	0	0	1	0
mobilehomepark13	0	1	0	1	0	0	0	0	0	1	1	0	0	0	0	1	0
mobilehomepark16	0	1	0	1	0	0	0	0	0	1	1	0	0	0	0	1	0
mobilehomepark18	0	0	0	1	0	0	0	0	1	1	1	0	0	0	0	1	0
mobilehomepark20	0	0	0	0	0	0	0	0	0	1	1	0	0	0	0	1	0
mobilehomepark23	0	1	0	1	0	0	0	0	1	1	1	0	0	0	0	1	0
mobilehomepark25	0	0	0	1	0	0	0	0	1	1	1	0	0	0	0	1	0
mobilehomepark28	0	1	0	1	0	0	0	0	1	1	1	0	0	0	0	1	0
mobilehomepark30	0	0	0	1	0	0	0	0	1	1	1	0	0	0	0	1	0
mobilehomepark36	0	0	0	1	0	0	0	0	1	1	1	0	0	0	0	1	0
mobilehomepark38	0	0	0	1	0	0	0	0	1	1	1	0	0	0	0	1	0
mobilehomepark42	0	0	0	1	0	0	0	0	0	1	1	0	0	0	0	1	0
mobilehomepark45	0	0	0	1	0	0	0	0	0	1	1	0	0	0	0	0	0
mobilehomepark47	0	0	0	1	0	0	0	0	1	1	1	0	0	0	0	1	0
mobilehomepark48	0	0	0	1	0	0	0	0	0	1	1	0	0	0	0	1	0
mobilehomepark51	0	0	0	1	0	0	0	0	0	1	1	0	0	0	0	1	0
mobilehomepark53	0	0	0	1	0	0	0	0	1	1	1	0	0	0	0	1	0
mobilehomepark54	0	0	0	1	0	0	0	0	1	1	1	0	0	0	0	1	0
mobilehomepark55	0	0	0	1	0	0	0	0	1	1	1	0	0	0	0	1	0
mobilehomepark56	0	0	0	1	0	0	0	0	1	1	1	0	0	0	0	1	0
mobilehomepark57	0	0	0	1	0	0	0	0	1	1	1	0	0	0	0	0	0
mobilehomepark58	0	0	0	1	0	0	0	0	1	1	1	0	0	0	0	1	0
mobilehomepark59	0	0	0	1	0	0	0	0	1	1	1	0	0	0	0	1	0
mobilehomepark60	0	0	0	1	0	0	0	0	1	1	1	0	0	0	0	1	0
mobilehomepark61	0	0	0	1	0	0	0	0	1	1	1	0	0	0	0	0	0
mobilehomepark62	0	0	0	1	0	0	0	0	1	1	1	0	0	0	0	1	0
mobilehomepark63	0	0	0	1	0	0	0	0	1	1	1	0	0	0	0	1	0
mobilehomepark64	0	0	0	1	0	0	0	0	1	1	1	0	0	0	0	1	0
mobilehomepark65	0	0	0	1	0	0	0	0	1	1	1	0	0	0	0	1	0
mobilehomepark66	0	0	0	1	0	0	0	0	1	1	1	0	0	0	0	1	0
mobilehomepark67	0	0	0	1	0	0	0	0	1	1	1	0	0	0	0	1	0
mobilehomepark68	0	0	0	1	0	0	0	0	1	1	1	0	0	0	0	1	0
mobilehomepark69	0	0	0	1	0	0	0	0	1	1	1	0	0	0	0	1	0
mobilehomepark70	0	0	0	1	0	0	0	0	1	1	1	0	0	0	0	1	0
mobilehomepark71	0	1	0	1	0	0	0	0	0	1	1	0	0	0	0	1	0
mobilehomepark72	0	1	0	1	0	0	0	0	1	1	1	0	0	0	0	1	0
mobilehomepark73	0	1	0	1	0	0	0	0	1	1	1	0	0	0	0	1	0
mobilehomepark74	0	1	0	1	0	0	0	0	0	1	1	0	0	0	0	1	0
mobilehomepark75	0	1	0	1	0	0	0	0	0	1	1	0	0	0	0	1	0
mobilehomepark76	0	1	0	1	0	0	0	0	0	1	1	0	0	0	0	0	0
mobilehomepark77	0	1	0	1	0	0	0	0	0	1	1	0	0	0	0	1	0
mobilehomepark78	0	0	0	1	0	0	0	0	1	1	1	0	0	0	0	1	0
mobilehomepark79	0	0	0	1	0	0	0	0	1	1	1	0	0	0	0	1	0
mobilehomepark80	0	0	0	1	0	0	0	0	1	1	1	0	0	0	0	0	0
mobilehomepark81	0	0	0	1	0	0	0	0	1	1	1	0	0	0	0	0	0
mobilehomepark82	0	0	0	1	0	0	0	0	1	1	1	0	0	0	0	1	0
mobilehomepark83	0	1	0	0	0	0	0	0	0	1	1	0	0	0	0	1	0
mobilehomepark85	0	1	0	0	0	0	0	0	0	1	1	0	0	0	0	1	0
mobilehomepark86	0	1	0	0	0	0	0	0	0	1	1	0	0	0	0	1	0
mobilehomepark89	0	1	0	1	0	0	0	0	0	1	1	0	0	0	0	1	0
mobilehomepark90	0	1	0	0	0	0	0	0	0	1	1	0	0	0	0	1	0
mobilehomepark91	0	1	0	1	0	0	0	0	0	1	1	0	0	0	0	1	0
mobilehomepark92	0	1	0	1	0	0	0	0	1	1	1	0	0	0	0	1	0
mobilehomepark93	0	1	0	0	0	0	0	0	0	1	1	0	0	0	0	1	0
mobilehomepark94	0	1	0	1	0	0	0	0	0	1	1	0	0	0	0	1	0
mobilehomepark95	0	0	0	1	0	0	0	0	0	1	1	0	0	0	0	1	0
mobilehomepark96	0	0	0	1	0	0	0	0	1	1	1	0	0	0	0	1	0
mobilehomepark97	0	0	0	1	0	0	0	0	1	1	1	0	0	0	0	1	0
mobilehomepark98	0	0	0	1	0	0	0	0	1	1	1	0	0	0	0	1	0
mobilehomepark99	0	0	0	1	0	0	0	0	0	1	1	0	0	0	0	1	0
overpass00	0	0	0	1	0	0	0	0	1	0	1	0	0	0	0	1	0
overpass02	0	1	0	1	0	0	0	0	0	0	1	0	0	0	0	0	0
overpass03	0	1	0	1	0	0	0	0	0	0	1	0	0	0	0	0	0
overpass04	0	1	0	1	0	0	0	0	0	0	1	0	0	0	0	0	0
overpass05	0	1	0	1	0	0	0	0	0	0	1	0	0	0	0	0	0
overpass06	0	1	0	1	0	0	0	0	0	0	1	0	0	0	0	1	0
overpass07	0	1	0	1	0	0	0	0	0	0	1	0	0	0	0	0	0
overpass08	0	1	0	1	0	0	0	0	0	0	1	0	0	0	0	0	0
overpass09	0	1	0	1	0	0	0	0	0	0	1	0	0	0	0	0	0
overpass10	0	0	0	1	0	0	0	0	1	0	1	0	0	0	0	0	0
overpass11	0	1	0	1	0	0	0	0	0	0	1	0	0	0	0	1	0
overpass13	0	1	0	1	0	0	0	0	1	0	1	0	0	0	0	1	0
overpass15	0	0	0	1	0	0	0	0	1	0	1	0	0	0	0	0	0
overpass17	0	0	0	1	0	0	0	0	1	0	1	0	0	0	0	0	0
overpass19	0	0	0	1	0	0	0	0	1	0	1	0	0	0	0	0	0
overpass21	0	0	0	1	0	0	0	0	1	0	1	0	0	0	0	0	0
overpass23	0	1	0	1	0	0	0	0	1	0	1	0	0	0	0	0	0
overpass24	0	1	0	1	0	0	0	0	1	0	1	0	0	0	0	0	0
overpass25	0	1	0	1	0	0	0	0	1	0	1	0	0	0	0	0	0
overpass26	0	1	0	1	0	0	0	0	0	0	1	0	0	0	0	0	0
overpass27	0	0	0	1	0	0	0	0	1	0	1	0	0	0	0	0	0
overpass28	0	0	0	0	0	0	0	0	1	0	1	0	0	0	0	0	0
overpass29	0	1	0	1	0	0	0	0	0	0	1	0	0	0	0	1	0
overpass30	0	1	0	1	0	0	0	0	0	0	1	0	0	0	0	1	0
overpass31	0	1	0	1	0	0	0	0	1	0	1	0	0	0	0	1	0
overpass32	0	1	0	1	0	0	0	0	1	0	1	0	0	0	0	1	0
overpass33	0	0	0	1	0	0	0	0	1	0	1	0	0	0	0	1	0
overpass34	0	0	0	1	0	0	0	0	1	0	1	0	0	0	0	1	0
overpass35	0	1	0	1	0	0	0	0	1	0	1	0	0	0	0	1	0
overpass36	0	0	0	1	0	0	0	0	1	0	1	0	0	0	0	1	0
overpass37	0	0	0	1	0	0	0	0	1	0	1	0	0	0	0	1	0
overpass38	0	0	0	1	0	0	0	0	1	0	1	0	0	0	0	0	0
overpass39	0	0	0	1	0	0	0	0	1	0	1	0	0	0	0	1	0
overpass40	0	0	0	1	0	0	0	0	1	0	1	0	0	0	0	1	0
overpass41	0	0	0	1	0	0	0	0	1	0	1	0	0	0	0	0	0
overpass42	0	0	0	1	0	0	0	0	1	0	1	0	0	0	0	0	0
overpass43	0	0	0	1	0	0	0	0	1	0	1	0	0	0	0	0	0
overpass44	0	0	0	1	0	0	0	0	1	0	1	0	0	0	0	0	0
overpass45	0	0	0	1	0	0	0	0	1	0	1	0	0	0	0	0	0
overpass46	0	0	0	1	0	0	0	0	1	0	1	0	0	0	0	0	0
overpass47	0	0	0	1	0	0	0	0	1	0	1	0	0	0	0	0	0
overpass48	0	0	0	1	0	0	0	0	1	0	1	0	0	0	0	0	0
overpass49	0	0	0	1	0	0	0	0	0	0	1	0	0	0	0	0	0
overpass50	0	0	0	1	0	0	0	0	1	0	1	0	0	0	0	0	0
overpass51	0	0	0	1	0	0	0	0	1	0	1	0	0	0	0	0	0
overpass52	0	0	0	1	0	0	0	0	1	0	1	0	0	0	0	0	0
overpass53	0	0	0	1	0	0	0	0	1	0	1	0	0	0	0	0	0
overpass54	0	1	0	1	0	0	0	0	1	0	1	0	0	0	0	0	0
overpass55	0	0	0	1	0	0	0	0	1	0	1	0	0	0	0	1	0
overpass56	0	1	0	1	0	0	0	0	1	0	1	0	0	0	0	0	0
overpass57	0	1	0	1	0	0	0	0	1	0	1	0	0	0	0	0	0
overpass58	0	1	0	1	0	0	0	0	1	0	1	0	0	0	0	0	0
overpass59	0	1	0	1	0	0	0	0	1	0	1	0	0	0	0	1	0
overpass60	0	0	0	1	0	0	0	0	1	0	1	0	0	0	0	0	0
overpass61	0	0	0	1	0	0	0	0	1	0	1	0	0	0	0	0	0
overpass62	0	0	0	1	0	0	0	0	1	0	1	0	0	0	0	0	0
overpass63	0	0	0	1	0	0	0	0	1	0	1	0	0	0	0	0	0
overpass64	0	0	0	1	0	0	0	0	1	0	1	0	0	0	0	0	0
overpass65	0	0	0	1	0	0	0	0	1	0	1	0	0	0	0	0	0
overpass66	0	1	0	1	0	0	0	0	1	0	1	0	0	0	0	0	0
overpass67	0	1	0	1	0	0	0	0	1	0	1	0	0	0	0	0	0
overpass68	0	1	0	0	0	0	0	0	1	0	1	0	0	0	0	0	0
overpass69	0	1	0	0	0	0	0	0	1	0	1	0	0	0	0	0	0
overpass70	0	1	0	1	0	0	0	0	1	0	1	0	0	0	0	0	0
overpass71	0	1	0	1	0	0	0	0	1	0	1	0	0	0	0	0	0
overpass72	0	0	0	1	0	0	0	0	1	0	1	0	0	0	0	0	0
overpass73	0	1	0	1	0	0	0	0	1	0	1	0	0	0	0	0	0
overpass74	0	1	0	1	0	0	0	0	1	0	1	0	0	0	0	0	0
overpass75	0	0	0	1	0	0	0	0	1	0	1	0	0	0	0	0	0
overpass76	0	1	0	1	0	0	0	0	1	0	1	0	0	0	0	0	0
overpass77	0	0	0	1	0	0	0	0	1	0	1	0	0	0	0	0	0
overpass78	0	1	0	0	0	0	0	0	1	0	1	0	0	0	0	0	0
overpass79	0	1	0	1	0	0	0	0	1	0	1	0	0	0	0	0	0
overpass80	0	0	0	1	0	0	0	0	1	0	1	0	0	0	0	0	0
overpass81	0	1	0	0	0	0	0	0	1	0	1	0	0	0	0	0	0
overpass82	0	1	0	0	0	0	0	0	1	0	1	0	0	0	0	0	0
overpass83	0	0	0	1	0	0	0	0	1	0	1	0	0	0	0	0	0
overpass84	0	1	0	0	0	0	0	0	1	0	1	0	0	0	0	1	0
overpass85	0	1	0	0	0	0	0	0	1	0	1	0	0	0	0	0	0
overpass86	0	1	0	1	0	0	0	0	1	0	1	0	0	0	0	1	0
overpass87	0	0	0	1	0	0	0	0	1	0	1	0	0	0	0	0	0
overpass88	0	0	0	1	0	0	0	0	1	0	1	0	0	0	0	0	0
overpass89	0	0	0	1	0	0	0	0	1	0	1	0	0	0	0	0	0
overpass90	0	0	0	1	0	0	0	0	1	0	1	0	0	0	0	0	0
overpass91	0	0	0	1	0	0	0	0	1	0	1	0	0	0	0	0	0
overpass92	0	0	0	1	0	0	0	0	1	0	1	0	0	0	0	0	0
overpass93	0	0	0	1	0	0	0	0	1	0	1	0	0	0	0	0	0
overpass94	0	0	0	1	0	0	0	0	1	0	1	0	0	0	0	0	0
overpass95	0	1	0	1	0	0	0	0	0	0	1	0	0	0	0	0	0
overpass96	0	0	0	1	0	0	0	0	1	0	1	0	0	0	0	0	0
overpass97	0	0	0	1	0	0	0	0	1	0	1	0	0	0	0	0	0
overpass98	0	0	0	1	0	0	0	0	0	0	1	0	0	0	0	0	0
overpass99	0	0	0	1	0	0	0	0	0	0	1	0	0	0	0	0	0
parkinglot00	0	0	0	1	0	0	0	0	0	0	1	0	0	0	0	0	0
parkinglot01	0	0	0	1	0	0	0	0	0	0	1	0	0	0	0	1	0
parkinglot02	0	0	0	1	0	0	0	0	0	0	1	0	0	0	0	1	0
parkinglot03	0	0	0	1	0	0	0	0	0	0	1	0	0	0	0	0	0
parkinglot04	0	0	0	1	0	0	0	0	0	0	1	0	0	0	0	0	0
parkinglot05	0	0	0	1	0	0	0	0	0	0	1	0	0	0	0	1	0
parkinglot06	0	0	0	1	0	0	0	0	0	0	1	0	0	0	0	1	0
parkinglot07	0	0	0	1	0	0	0	0	0	0	1	0	0	0	0	1	0
parkinglot08	0	0	0	1	0	0	0	0	0	0	1	0	0	0	0	1	0
parkinglot09	0	0	0	1	0	0	0	0	0	0	1	0	0	0	0	1	0
parkinglot10	0	0	0	1	0	0	0	0	0	0	1	0	0	0	0	0	0
parkinglot11	0	0	0	1	0	0	0	0	0	0	1	0	0	0	0	0	0
parkinglot12	0	0	0	1	0	0	0	0	0	0	1	0	0	0	0	0	0
parkinglot13	0	0	0	1	0	0	0	0	0	0	1	0	0	0	0	0	0
parkinglot14	0	1	0	1	0	0	0	0	0	0	1	0	0	0	0	1	0
parkinglot15	0	0	0	1	0	0	0	0	0	0	1	0	0	0	0	0	0
parkinglot16	0	0	0	1	0	0	0	0	0	0	1	0	0	0	0	0	0
parkinglot17	0	0	0	1	0	0	0	0	0	0	1	0	0	0	0	0	0
parkinglot18	0	0	0	1	0	0	0	0	0	0	1	0	0	0	0	0	0
parkinglot19	0	0	0	1	0	0	0	0	0	0	1	0	0	0	0	0	0
parkinglot20	0	0	0	1	0	0	0	0	1	0	1	0	0	0	0	1	0
parkinglot21	0	0	0	1	0	0	0	0	0	0	1	0	0	0	0	1	0
parkinglot22	0	0	0	1	0	0	0	0	0	0	1	0	0	0	0	0	0
parkinglot23	0	0	0	1	0	0	0	0	0	0	1	0	0	0	0	0	0
parkinglot24	0	0	0	1	0	0	0	0	0	0	1	0	0	0	0	0	0
parkinglot25	0	0	0	1	0	0	0	0	0	0	1	0	0	0	0	1	0
parkinglot26	0	0	0	1	0	0	0	0	1	0	1	0	0	0	0	0	0
parkinglot27	0	0	0	1	0	0	0	0	0	0	1	0	0	0	0	0	0
parkinglot28	0	0	0	1	0	0	0	0	1	0	1	0	0	0	0	0	0
parkinglot29	0	0	0	1	0	0	0	0	1	0	1	0	0	0	0	0	0
parkinglot30	0	1	0	1	0	0	0	0	1	0	1	0	0	0	0	1	0
parkinglot31	0	0	0	1	0	0	0	0	1	0	1	0	0	0	0	1	0
parkinglot32	0	0	0	1	0	0	0	0	1	0	1	0	0	0	0	1	0
parkinglot33	0	0	0	1	0	0	0	0	0	0	1	0	0	0	0	0	0
parkinglot34	0	0	0	1	0	0	0	0	1	0	1	0	0	0	0	1	0
parkinglot35	0	0	1	1	0	0	0	0	1	0	1	0	0	0	0	1	0
parkinglot36	0	0	0	1	0	0	0	0	0	0	1	0	0	0	0	0	0
parkinglot37	0	0	0	1	0	0	0	0	0	0	1	0	0	0	0	0	0
parkinglot38	0	0	0	1	0	0	0	0	0	0	1	0	0	0	0	0	0
parkinglot39	0	0	0	1	0	0	0	0	1	0	1	0	0	0	0	1	0
parkinglot40	0	0	0	1	0	0	0	0	0	0	1	0	0	0	0	0	0
parkinglot41	0	0	0	1	0	0	0	0	0	0	1	0	0	0	0	1	0
parkinglot42	0	0	0	1	0	0	0	0	0	0	1	0	0	0	0	1	0
parkinglot43	0	0	0	1	0	0	0	0	0	0	1	0	0	0	0	0	0
parkinglot44	0	0	0	1	0	0	0	0	0	0	1	0	0	0	0	1	0
parkinglot45	0	0	0	1	0	0	0	0	1	0	1	0	0	0	0	1	0
parkinglot46	0	0	0	1	0	0	0	0	1	0	1	0	0	0	0	1	0
parkinglot47	0	0	1	1	0	0	0	0	1	0	1	0	0	0	0	1	0
parkinglot48	0	0	0	1	0	0	0	0	0	0	1	0	0	0	0	1	0
parkinglot49	0	0	1	1	0	0	0	0	0	0	1	0	0	0	0	1	0
parkinglot50	0	0	0	1	0	0	0	0	0	0	1	0	0	0	0	1	0
parkinglot51	0	0	0	1	0	0	0	0	0	0	1	0	0	0	0	0	0
parkinglot52	0	0	1	1	0	0	0	0	1	0	1	0	0	0	0	1	0
parkinglot53	0	1	0	1	0	0	0	0	0	0	1	0	0	0	0	0	0
parkinglot54	0	0	0	1	0	0	0	0	1	0	1	0	0	0	0	1	0
parkinglot55	0	0	1	1	0	0	0	0	0	0	1	0	0	0	0	1	0
parkinglot56	0	0	0	1	0	0	0	0	1	0	1	0	0	0	0	1	0
parkinglot57	0	1	0	1	0	0	0	0	0	0	1	0	0	0	0	1	0
parkinglot58	0	0	0	1	0	0	0	0	0	0	1	0	0	0	0	1	0
parkinglot59	0	0	0	1	0	0	0	0	1	0	1	0	0	0	0	0	0
parkinglot60	0	0	1	1	0	0	0	0	0	0	1	0	0	0	0	1	0
parkinglot61	0	0	1	1	0	0	0	0	1	0	1	0	0	0	0	1	0
parkinglot62	0	0	0	1	0	0	0	0	0	0	1	0	0	0	0	1	0
parkinglot63	0	0	0	1	0	0	0	0	1	0	1	0	0	0	0	1	0
parkinglot64	0	0	0	1	0	0	0	0	0	0	1	0	0	0	0	1	0
parkinglot65	0	0	0	1	0	0	0	0	0	0	1	0	0	0	0	1	0
parkinglot66	0	0	0	1	0	0	0	0	0	0	1	0	0	0	0	0	0
parkinglot67	0	0	0	1	0	0	0	0	0	0	1	0	0	0	0	1	0
parkinglot68	0	0	0	1	0	0	0	0	0	0	1	0	0	0	0	0	0
parkinglot69	0	1	0	1	0	0	0	0	0	0	1	0	0	0	0	0	0
parkinglot70	0	0	1	1	0	0	0	0	0	0	1	0	0	0	0	0	0
parkinglot71	0	0	0	1	0	0	0	0	0	0	1	0	0	0	0	0	0
parkinglot72	0	0	0	1	0	0	0	0	0	0	1	0	0	0	0	0	0
parkinglot73	0	0	0	1	0	0	0	0	0	0	1	0	0	0	0	0	0
parkinglot74	0	1	0	1	0	0	0	0	0	0	1	0	0	0	0	0	0
parkinglot75	0	0	0	1	0	0	0	0	0	0	1	0	0	0	0	0	0
parkinglot76	0	0	0	1	0	0	0	0	0	0	1	0	0	0	0	0	0
parkinglot77	0	0	0	1	0	0	0	0	0	0	1	0	0	0	0	0	0
parkinglot78	0	0	0	1	0	0	0	0	0	0	1	0	0	0	0	0	0
parkinglot79	0	0	0	1	0	0	0	0	0	0	1	0	0	0	0	0	0
parkinglot80	0	0	0	1	0	0	0	0	0	0	1	0	0	0	0	0	0
parkinglot81	0	0	0	1	0	0	0	0	0	0	1	0	0	0	0	0	0
parkinglot82	0	0	0	1	0	0	0	0	0	0	1	0	0	0	0	1	0
parkinglot83	0	0	1	1	0	0	0	0	0	0	1	0	0	0	0	0	0
parkinglot84	0	0	0	1	0	0	0	0	0	0	1	0	0	0	0	0	0
parkinglot85	0	0	0	1	0	0	0	0	0	0	1	0	0	0	0	0	0
parkinglot86	0	0	0	1	0	0	0	0	0	0	1	0	0	0	0	0	0
parkinglot87	0	0	0	1	0	0	0	0	0	0	1	0	0	0	0	0	0
parkinglot88	0	0	0	1	0	0	0	0	0	0	1	0	0	0	0	0	0
parkinglot89	0	0	0	1	0	0	0	0	0	0	1	0	0	0	0	0	0
parkinglot90	0	0	0	1	0	0	0	0	0	0	1	0	0	0	0	0	0
parkinglot91	0	0	0	1	0	0	0	0	0	0	1	0	0	0	0	1	0
parkinglot92	0	0	0	1	0	0	0	0	0	0	1	0	0	0	0	0	0
parkinglot93	0	0	0	1	0	0	0	0	0	0	1	0	0	0	0	0	0
parkinglot94	0	0	0	1	0	0	0	0	0	0	1	0	0	0	0	0	0
parkinglot95	0	0	0	1	0	0	0	0	0	0	1	0	0	0	0	0	0
parkinglot96	0	0	0	1	0	0	0	0	0	0	1	0	0	0	0	0	0
parkinglot97	0	0	0	1	0	0	0	0	0	0	1	0	0	0	0	1	0
parkinglot98	0	0	1	1	0	0	0	0	0	0	1	0	0	0	0	0	0
parkinglot99	0	0	0	1	0	0	0	0	0	0	1	0	0	0	0	0	0
river00	0	1	0	0	0	0	0	0	1	0	0	1	0	0	0	1	1
river01	0	1	1	0	0	0	0	0	1	0	0	1	0	0	0	1	1
river02	0	0	0	0	0	0	0	0	1	0	0	0	0	0	0	1	1
river03	0	1	1	0	0	0	0	0	1	0	0	1	0	0	0	1	1
river06	0	0	0	0	0	0	0	0	1	0	0	0	0	0	0	0	1
river08	0	0	0	0	0	0	0	0	0	0	0	0	0	0	0	0	1
river09	0	0	0	0	0	0	0	0	0	0	0	0	0	0	0	0	1
river16	0	0	0	0	0	0	0	0	1	0	0	1	0	0	0	1	1
river17	0	0	0	0	0	0	0	0	1	0	0	1	0	0	0	1	1
river18	0	0	0	0	0	0	0	0	1	0	0	1	0	0	0	1	1
river21	0	0	0	0	0	0	0	0	1	0	0	1	0	0	0	1	1
river23	0	0	0	0	0	0	0	0	1	0	0	0	0	0	0	1	1
river25	0	0	0	1	0	0	0	0	1	0	1	0	0	0	0	1	1
river29	0	1	0	0	0	0	0	0	0	0	0	1	0	0	0	0	1
river30	0	1	0	0	0	0	0	0	0	0	0	1	0	0	0	0	1
river31	0	1	0	0	0	0	0	0	0	0	0	1	0	0	0	0	1
river32	0	1	0	0	0	0	0	0	0	0	0	1	0	0	0	0	1
river33	0	1	0	0	0	0	0	0	0	0	0	1	0	0	0	0	1
river34	0	0	0	0	0	0	0	0	1	0	0	1	0	0	0	1	1
river35	0	0	0	0	0	0	0	0	0	0	0	1	0	0	0	1	1
river37	0	0	0	0	0	0	0	0	0	0	0	1	0	0	0	1	1
river38	0	0	0	0	0	0	0	0	1	0	0	1	0	0	0	1	1
river39	0	0	0	0	0	0	0	0	1	0	0	1	0	0	0	1	1
river40	0	0	0	0	0	0	0	0	1	0	0	1	0	0	0	1	1
river41	0	0	0	0	0	0	0	0	1	0	0	1	0	0	0	1	1
river42	0	0	0	0	0	0	0	0	1	0	0	1	0	0	0	1	1
river43	0	0	0	0	0	0	0	0	1	0	0	1	0	0	0	1	1
river44	0	0	0	0	0	0	0	0	1	0	0	1	0	0	0	1	1
river45	0	0	0	0	0	0	0	0	1	0	0	1	0	0	0	1	1
river46	0	0	0	0	0	0	0	0	1	0	0	1	0	0	0	1	1
river47	0	0	0	0	0	0	0	0	1	0	0	1	0	0	0	1	1
river48	0	0	0	0	0	0	0	0	1	0	0	1	0	0	0	1	1
river49	0	0	0	0	0	0	0	0	1	0	0	1	0	0	0	1	1
river50	0	0	0	0	0	0	0	0	1	0	0	1	0	0	0	1	1
river51	0	0	0	0	0	0	0	0	1	0	0	1	0	0	0	1	1
river52	0	0	0	0	0	0	0	0	1	0	0	1	0	0	0	1	1
river53	0	0	0	0	0	0	0	1	0	0	0	0	0	0	0	1	1
river54	0	1	0	0	0	0	0	0	1	0	1	1	0	0	0	1	1
river55	0	0	0	0	0	0	0	0	0	0	1	1	0	0	0	1	1
river57	0	0	0	0	0	0	0	0	0	0	1	1	0	0	0	1	1
river58	0	1	1	0	0	0	0	0	0	0	0	0	0	0	0	1	1
river60	0	1	0	0	0	0	0	0	0	0	1	0	0	0	0	1	1
river63	0	1	0	0	0	0	0	0	0	0	1	0	0	0	0	0	1
river65	0	1	0	0	0	0	0	0	0	0	1	0	0	0	0	1	1
river67	0	1	0	0	0	0	0	0	0	0	1	0	0	0	0	0	1
river69	0	1	0	0	0	0	0	0	0	0	0	0	0	0	0	1	1
river70	0	1	0	0	0	0	0	0	0	0	0	0	0	0	0	1	1
river71	0	1	0	0	0	0	0	0	0	0	0	0	0	0	0	1	1
river72	0	1	0	0	0	0	0	0	0	0	0	0	0	0	0	1	1
river73	0	1	0	0	0	0	0	0	0	0	0	0	0	0	0	1	1
river74	0	1	0	0	0	0	0	0	0	0	0	0	0	0	0	0	1
river76	0	1	0	0	0	0	0	0	1	0	0	0	0	0	0	0	1
river84	0	0	0	0	0	0	0	0	1	0	0	0	0	0	0	1	1
river88	0	1	0	0	0	0	0	0	1	0	0	0	0	0	0	0	1
river90	0	1	0	0	0	0	0	0	1	0	0	0	0	0	0	1	1
river91	0	1	0	0	0	0	0	0	1	0	0	0	0	0	0	1	1
river93	0	1	0	0	0	0	0	0	1	0	0	0	0	0	0	0	1
river98	0	1	0	0	0	0	0	0	1	0	0	0	0	0	0	1	1
river99	0	1	0	0	0	0	0	0	1	0	0	0	0	0	0	1	1
runway00	0	0	0	0	0	0	0	0	1	0	1	0	0	0	0	0	0
runway01	0	0	0	0	0	0	0	0	1	0	1	0	0	0	0	0	0
runway03	0	0	0	0	0	0	0	0	1	0	1	0	0	0	0	0	0
runway04	0	0	0	0	0	0	0	0	1	0	1	0	0	0	0	0	0
runway06	0	0	0	0	0	0	0	0	1	0	1	0	0	0	0	0	0
runway08	0	0	0	0	0	0	0	0	1	0	1	0	0	0	0	0	0
runway09	0	0	0	0	0	0	0	0	1	0	1	0	0	0	0	0	0
runway10	0	0	0	0	0	0	0	0	1	0	1	0	0	0	0	0	0
runway11	0	0	0	0	0	0	0	0	1	0	1	0	0	0	0	0	0
runway12	0	0	0	0	0	0	0	0	1	0	1	0	0	0	0	0	0
runway13	0	0	0	0	0	0	0	0	1	0	1	0	0	0	0	0	0
runway14	0	0	0	0	0	0	0	0	1	0	1	0	0	0	0	0	0
runway15	0	0	0	0	0	0	0	0	1	0	1	0	0	0	0	0	0
runway16	0	0	0	0	0	0	0	0	1	0	1	0	0	0	0	0	0
runway17	0	0	0	0	0	0	0	0	1	0	1	0	0	0	0	0	0
runway18	0	0	0	0	0	0	0	0	1	0	1	0	0	0	0	0	0
runway19	0	0	0	0	0	0	0	0	1	0	1	0	0	0	0	0	0
runway20	0	0	0	0	0	0	0	0	1	0	1	0	0	0	0	0	0
runway21	0	0	0	0	0	0	0	0	1	0	1	0	0	0	0	0	0
runway22	0	0	0	0	0	0	0	0	1	0	1	0	0	0	0	0	0
runway23	0	0	0	0	0	0	0	0	1	0	1	0	0	0	0	0	0
runway24	0	0	0	0	0	0	0	0	1	0	1	0	0	0	0	0	0
runway25	0	0	0	0	0	0	0	0	1	0	1	0	0	0	0	0	0
runway26	0	0	0	0	0	0	0	0	1	0	1	0	0	0	0	0	0
runway27	0	0	0	0	0	0	0	0	1	0	1	0	0	0	0	0	0
runway28	0	0	0	0	0	0	0	0	1	0	1	0	0	0	0	0	0
runway29	0	0	0	0	0	0	0	0	1	0	1	0	0	0	0	0	0
runway30	0	0	0	0	0	0	0	0	1	0	1	0	0	0	0	0	0
runway31	0	0	0	0	0	0	0	0	1	0	1	0	0	0	0	0	0
runway32	0	0	0	0	0	0	0	0	1	0	1	0	0	0	0	0	0
runway33	0	0	0	0	0	0	0	0	1	0	1	0	0	0	0	0	0
runway34	0	0	0	0	0	0	0	0	1	0	1	0	0	0	0	0	0
runway35	0	0	0	0	0	0	0	0	1	0	1	0	0	0	0	0	0
runway36	0	0	0	0	0	0	0	0	1	0	1	0	0	0	0	0	0
runway37	0	0	0	0	0	0	0	0	1	0	1	0	0	0	0	0	0
runway38	0	0	0	0	0	0	0	0	1	0	1	0	0	0	0	0	0
runway39	0	0	0	0	0	0	0	0	1	0	1	0	0	0	0	0	0
runway40	0	0	0	0	0	0	0	0	1	0	1	0	0	0	0	0	0
runway41	0	0	0	0	0	0	0	0	1	0	1	0	0	0	0	0	0
runway42	0	0	0	0	0	0	0	0	1	0	1	0	0	0	0	0	0
runway43	0	0	0	0	0	0	0	0	1	0	1	0	0	0	0	0	0
runway44	0	0	0	0	0	0	0	0	1	0	1	0	0	0	0	0	0
runway45	0	0	0	0	0	0	0	0	1	0	1	0	0	0	0	0	0
runway46	0	0	0	0	0	0	0	0	1	0	1	0	0	0	0	0	0
runway47	0	0	0	0	0	0	0	0	1	0	1	0	0	0	0	0	0
runway48	0	0	0	0	0	0	0	0	1	0	1	0	0	0	0	0	0
runway49	0	0	0	0	0	0	0	0	1	0	1	0	0	0	0	0	0
runway50	0	0	0	0	0	0	0	0	1	0	1	0	0	0	0	0	0
runway54	0	0	0	0	0	0	0	0	0	0	1	1	0	0	0	0	0
runway57	0	0	0	0	0	0	0	0	0	0	1	1	0	0	0	0	0
runway58	0	0	0	0	0	0	0	0	0	0	1	1	0	0	0	0	0
runway65	0	0	0	0	0	0	0	0	0	0	1	1	0	0	0	0	0
runway67	0	0	0	0	0	0	0	0	0	0	1	1	0	0	0	0	0
runway69	0	0	0	0	0	0	0	0	0	0	1	1	0	0	0	0	0
runway70	0	0	0	0	0	0	0	0	0	0	1	1	0	0	0	0	0
runway74	0	0	0	0	0	0	0	0	0	0	1	1	0	0	0	0	0
runway75	0	0	0	0	0	0	0	0	0	0	1	1	0	0	0	0	0
runway76	0	0	0	0	0	0	0	0	0	0	1	1	0	0	0	0	0
runway77	0	0	0	0	0	0	0	0	0	0	1	1	0	0	0	0	0
runway79	0	0	0	0	0	0	0	0	0	0	1	1	0	0	0	0	0
runway80	0	0	0	0	0	0	0	0	0	0	1	1	0	0	0	0	0
runway81	0	0	0	0	0	0	0	0	0	0	1	1	0	0	0	0	0
runway82	0	0	0	0	0	0	0	0	0	0	1	1	0	0	0	0	0
runway83	0	0	0	0	0	0	0	0	0	0	1	1	0	0	0	0	0
runway84	0	0	0	0	0	0	0	0	0	0	1	1	0	0	0	0	0
runway85	0	0	0	0	0	0	0	0	0	0	1	1	0	0	0	0	0
runway86	0	0	0	0	0	0	0	0	0	0	1	1	0	0	0	0	0
runway87	0	0	0	0	0	0	0	0	0	0	1	1	0	0	0	0	0
runway88	0	0	0	0	0	0	0	0	0	0	1	1	0	0	0	0	0
runway89	0	0	0	0	0	0	0	0	0	0	1	1	0	0	0	0	0
runway91	0	0	0	0	0	0	0	0	0	0	1	1	0	0	0	0	0
runway92	0	0	0	0	0	0	0	0	1	0	1	0	0	0	0	0	0
runway93	0	0	0	0	0	0	0	0	1	0	1	0	0	0	0	0	0
runway94	0	0	0	0	0	0	0	0	1	0	1	0	0	0	0	0	0
runway95	0	0	0	0	0	0	0	0	1	0	1	0	0	0	0	0	0
runway96	0	0	0	0	0	0	0	0	1	0	1	0	0	0	0	0	0
runway99	0	1	0	0	0	0	0	0	0	0	1	0	0	0	0	0	0
sparseresidential00	0	0	1	1	0	0	0	0	1	0	1	0	0	0	0	1	0
sparseresidential01	0	1	1	0	0	0	0	0	1	0	1	0	0	0	0	1	0
sparseresidential02	0	1	1	0	0	0	0	0	1	0	1	0	0	0	0	1	0
sparseresidential03	0	1	1	0	0	0	0	0	1	0	0	0	0	0	0	1	0
sparseresidential04	0	1	1	1	0	0	0	0	1	0	0	0	0	0	0	1	0
sparseresidential05	0	1	1	0	0	0	0	0	1	0	1	0	0	0	0	1	0
sparseresidential06	0	1	1	0	0	0	0	0	1	0	1	0	0	0	0	1	0
sparseresidential07	0	1	1	1	0	0	0	0	1	0	1	0	0	0	0	1	0
sparseresidential08	0	1	1	1	0	0	0	0	0	0	1	0	0	0	0	1	0
sparseresidential09	0	1	1	1	0	0	0	0	1	0	1	0	0	0	0	1	0
sparseresidential10	0	1	1	0	0	0	0	0	1	0	1	0	0	0	0	1	0
sparseresidential11	0	0	1	0	0	1	0	0	1	0	1	0	0	0	0	1	0
sparseresidential14	0	0	1	1	1	0	0	0	0	0	0	1	0	0	0	1	0
sparseresidential16	0	0	1	0	0	0	0	0	1	0	1	0	0	0	0	1	0
sparseresidential17	0	1	1	0	0	0	0	0	1	0	1	0	0	0	0	1	0
sparseresidential18	0	0	1	1	0	0	0	0	1	0	1	0	0	0	0	1	0
sparseresidential19	0	1	1	0	0	0	0	0	1	0	1	0	0	0	0	1	0
sparseresidential20	0	1	1	1	0	0	0	0	1	0	1	0	0	0	0	0	0
sparseresidential21	0	1	1	1	0	0	0	0	1	0	1	0	0	0	0	0	0
sparseresidential22	0	1	1	0	0	0	0	0	1	0	1	0	0	0	0	0	0
sparseresidential23	0	1	1	1	0	0	0	0	1	0	1	0	0	0	0	0	0
sparseresidential24	0	1	1	1	0	0	0	0	1	0	1	0	0	0	0	0	0
sparseresidential25	0	1	1	1	0	0	0	0	1	0	1	0	0	0	0	1	0
sparseresidential26	0	0	1	1	0	0	0	0	1	0	1	0	0	0	0	1	0
sparseresidential27	0	0	1	1	0	0	0	0	1	0	1	0	0	0	0	1	0
sparseresidential28	0	0	1	1	0	0	0	0	1	0	1	0	0	0	0	1	0
sparseresidential29	0	1	1	0	0	0	0	0	1	0	1	0	0	0	0	1	0
sparseresidential30	0	1	1	1	0	0	0	0	1	0	1	0	0	0	0	0	0
sparseresidential31	0	1	1	1	0	0	0	0	0	0	1	0	0	0	0	0	0
sparseresidential32	0	1	1	0	0	0	0	0	1	0	1	0	0	0	0	1	0
sparseresidential33	0	1	1	0	0	0	0	0	1	0	1	0	0	0	0	1	0
sparseresidential34	0	1	1	1	0	0	0	0	1	0	1	0	0	0	0	0	0
sparseresidential35	0	1	1	0	0	0	0	0	1	0	1	0	0	0	0	1	0
sparseresidential36	0	1	1	0	0	0	0	0	1	0	1	0	0	0	0	0	0
sparseresidential37	0	1	1	1	0	0	0	0	1	0	1	0	0	0	0	1	0
sparseresidential38	0	1	1	1	0	0	0	0	1	0	1	0	0	0	0	1	0
sparseresidential39	0	1	1	1	0	0	0	0	1	0	1	0	0	0	0	1	0
sparseresidential40	0	1	1	0	0	0	0	0	1	0	1	0	0	0	0	0	0
sparseresidential41	0	1	1	0	0	0	0	0	1	0	0	0	0	0	0	1	0
sparseresidential42	0	1	1	1	0	0	0	0	1	0	1	0	0	0	0	1	0
sparseresidential43	0	1	1	1	0	0	0	0	1	0	1	0	0	0	0	1	0
sparseresidential44	0	1	1	1	0	0	0	0	1	0	1	0	0	0	0	1	0
sparseresidential45	0	0	1	0	0	0	0	0	1	0	1	0	0	0	0	0	0
sparseresidential46	0	1	1	0	0	0	0	0	1	0	1	0	0	0	0	1	0
sparseresidential47	0	0	1	1	0	0	0	0	1	0	1	0	0	0	0	1	0
sparseresidential48	0	1	1	0	0	0	0	0	1	0	1	0	0	0	0	0	0
sparseresidential49	0	1	1	0	0	0	0	0	1	0	1	0	0	0	0	1	0
sparseresidential50	0	1	1	0	0	0	0	0	1	0	1	0	0	0	0	1	0
sparseresidential51	0	1	1	0	0	0	0	0	1	0	1	0	0	0	0	1	0
sparseresidential52	0	1	1	0	0	0	0	0	1	0	1	0	0	0	0	0	0
sparseresidential53	0	1	1	0	0	0	0	0	1	0	1	0	0	0	0	0	0
sparseresidential54	0	1	1	0	0	0	0	0	1	0	1	0	0	0	0	0	0
sparseresidential55	0	1	1	0	0	0	0	0	1	0	1	0	0	0	0	0	0
sparseresidential56	0	1	1	1	0	0	0	0	1	0	1	0	0	0	0	0	0
sparseresidential57	0	1	1	0	0	0	0	0	1	0	1	0	0	0	0	0	0
sparseresidential58	0	0	1	0	0	0	0	0	1	0	1	0	0	0	0	0	0
sparseresidential59	0	1	1	0	0	0	0	0	1	0	1	0	0	0	0	1	0
sparseresidential61	0	0	1	0	0	0	0	0	1	0	0	0	0	0	0	1	0
sparseresidential62	0	0	1	0	0	0	0	0	1	0	1	0	0	0	0	1	0
sparseresidential63	0	0	1	0	0	0	0	0	1	0	1	0	0	0	0	1	0
sparseresidential64	0	0	1	0	0	0	0	0	1	0	1	0	0	0	0	1	0
sparseresidential65	0	0	1	0	0	0	0	0	1	0	1	0	0	0	0	1	0
sparseresidential66	0	0	1	0	0	0	0	0	1	0	1	0	0	0	0	1	0
sparseresidential67	0	0	1	0	0	0	0	0	1	0	1	0	0	0	0	1	0
sparseresidential68	0	0	1	0	0	0	0	0	1	0	1	0	0	0	0	1	0
sparseresidential69	0	1	1	1	0	0	0	0	1	0	0	0	0	0	0	1	0
sparseresidential70	0	1	1	0	0	0	0	0	1	0	1	0	0	0	0	1	0
sparseresidential71	0	0	1	0	0	0	0	0	1	0	1	0	0	0	0	1	0
sparseresidential73	0	1	1	0	0	0	0	0	1	0	1	0	0	0	0	1	0
sparseresidential74	0	0	1	1	0	0	0	0	1	0	1	0	0	0	0	1	0
sparseresidential75	0	0	1	1	0	0	0	0	1	0	1	0	0	0	0	1	0
sparseresidential76	0	0	1	1	0	0	0	0	1	0	1	0	0	0	0	1	0
sparseresidential77	0	0	1	0	0	0	0	0	1	0	1	0	0	0	0	1	0
sparseresidential78	0	0	1	0	0	0	0	0	1	0	1	0	0	0	0	1	0
sparseresidential80	0	0	1	0	0	0	0	0	1	0	1	0	0	0	0	1	0
sparseresidential81	0	0	1	0	0	0	0	1	1	0	1	0	0	0	0	1	0
sparseresidential82	0	1	1	1	0	0	0	1	0	0	1	0	0	0	0	1	0
sparseresidential83	0	1	1	0	0	0	0	1	1	0	1	0	0	0	0	1	0
sparseresidential84	0	0	1	0	0	0	0	1	1	0	1	0	0	0	0	1	0
sparseresidential86	0	0	1	0	1	0	0	0	0	0	1	1	0	0	0	1	0
sparseresidential87	0	0	1	1	1	0	0	0	0	0	1	1	0	0	0	1	0
sparseresidential89	0	0	1	0	1	0	0	0	0	0	1	1	0	0	0	1	0
sparseresidential90	0	0	1	1	1	0	0	0	0	0	1	1	0	0	0	1	0
sparseresidential91	0	0	1	0	1	0	0	0	0	0	1	1	0	0	0	1	0
sparseresidential92	0	0	1	1	1	0	0	0	0	0	0	1	0	0	0	1	0
sparseresidential93	0	0	1	1	1	0	0	0	0	0	1	1	0	0	0	0	0
sparseresidential95	0	0	1	0	0	0	0	0	1	0	1	0	0	0	0	1	0
sparseresidential96	0	0	1	0	0	0	0	0	1	0	1	0	0	0	0	1	0
sparseresidential97	0	0	1	1	0	0	0	0	1	0	0	0	0	0	0	1	0
sparseresidential98	0	0	1	1	0	0	0	0	1	0	0	0	0	0	0	1	0
sparseresidential99	0	0	1	0	0	0	0	0	1	0	0	0	0	0	0	1	0
storagetanks01	0	1	0	0	0	0	0	0	0	0	0	1	0	0	1	0	0
storagetanks05	0	0	1	0	0	0	0	0	1	0	0	0	0	0	1	0	0
storagetanks07	0	1	0	1	0	0	0	0	1	0	1	0	0	0	1	1	0
storagetanks11	0	1	0	0	0	0	0	0	1	0	1	0	0	0	1	0	0
storagetanks15	0	1	0	1	0	0	0	0	1	0	1	0	0	0	1	0	0
storagetanks20	0	1	1	1	0	0	0	0	0	0	1	0	0	0	1	0	0
storagetanks21	0	1	0	0	0	0	0	0	0	0	1	0	0	0	1	1	0
storagetanks27	0	1	1	0	0	0	0	0	0	0	1	0	0	0	1	0	0
storagetanks30	0	1	1	1	0	0	0	0	0	0	1	0	0	0	1	0	0
storagetanks34	0	1	0	1	0	0	0	0	0	0	1	0	0	0	1	1	0
storagetanks39	0	1	0	0	0	0	0	0	0	0	1	0	0	0	1	0	0
storagetanks40	0	0	1	0	0	0	0	0	0	0	1	0	0	0	1	0	0
storagetanks43	0	1	1	0	0	0	0	0	0	0	1	1	0	0	1	0	0
storagetanks44	0	1	1	1	0	0	0	0	0	0	1	0	0	0	1	0	0
storagetanks47	0	1	0	0	0	0	0	0	0	0	1	0	0	0	1	1	0
storagetanks49	0	1	1	1	0	0	0	0	1	0	1	0	0	0	1	0	0
storagetanks50	0	1	1	1	0	0	0	0	1	0	1	0	0	0	1	0	0
storagetanks51	0	1	0	0	0	0	0	0	1	0	1	0	0	0	1	0	0
storagetanks52	0	1	1	0	0	0	0	0	1	0	1	0	0	0	1	0	0
storagetanks53	0	1	1	0	0	0	0	0	0	0	1	0	0	0	1	0	0
storagetanks54	0	1	0	1	0	0	0	0	0	0	1	0	0	0	1	1	0
storagetanks55	0	1	1	0	0	0	0	0	1	0	1	0	0	0	1	0	0
storagetanks56	0	1	1	0	0	0	0	0	1	0	1	0	0	0	1	0	0
storagetanks57	0	1	1	1	0	0	0	0	1	0	1	0	0	0	1	1	0
storagetanks58	0	1	1	1	0	0	0	0	1	0	1	0	0	0	1	0	0
storagetanks59	0	1	1	0	0	0	0	0	1	0	1	0	0	0	1	0	0
storagetanks60	0	1	0	0	0	0	0	0	1	0	1	0	0	0	1	0	0
storagetanks61	0	1	1	0	0	0	0	0	0	0	1	0	0	0	1	0	0
storagetanks62	0	1	1	0	0	0	0	0	0	0	1	0	0	0	1	0	0
storagetanks63	0	0	0	1	0	0	0	0	1	0	1	0	0	0	1	0	0
storagetanks64	0	1	1	1	0	0	0	0	0	0	1	0	0	0	1	0	0
storagetanks65	0	1	1	0	0	0	0	0	1	0	1	0	0	0	1	1	0
storagetanks66	0	1	1	1	0	0	0	0	1	0	1	0	0	0	1	1	0
storagetanks67	0	1	0	0	0	0	0	0	1	0	1	0	0	0	1	0	0
storagetanks68	0	1	1	0	0	0	0	0	1	0	1	0	0	0	1	1	0
storagetanks69	0	1	1	1	0	0	0	0	1	0	1	0	0	0	1	1	0
storagetanks70	0	1	1	1	0	0	0	0	1	0	1	0	0	0	1	0	0
storagetanks73	0	0	0	0	0	0	0	0	1	0	1	1	0	0	1	0	0
storagetanks74	0	0	0	0	0	0	0	0	0	0	1	1	0	0	1	0	0
storagetanks75	0	0	1	1	0	0	0	0	0	0	1	1	0	0	1	0	0
storagetanks76	0	0	0	0	0	0	0	0	0	0	1	1	0	0	1	1	0
storagetanks77	0	0	1	0	0	0	0	0	0	0	1	1	0	0	1	1	0
storagetanks78	0	0	0	0	0	0	0	0	0	0	1	1	0	0	1	0	0
storagetanks79	0	0	0	1	0	0	0	0	0	0	1	1	0	0	1	0	0
storagetanks80	0	0	0	0	0	0	0	0	0	0	1	1	0	0	1	1	0
storagetanks81	0	0	0	0	0	0	0	0	0	0	1	1	0	0	1	1	0
storagetanks82	0	1	1	1	0	0	0	0	0	0	1	1	0	0	1	1	0
storagetanks83	0	1	0	1	0	0	0	0	0	0	1	0	0	0	1	1	0
storagetanks84	0	0	0	0	0	0	0	0	0	0	1	1	0	0	1	0	0
storagetanks85	0	1	0	0	0	0	0	0	0	0	0	1	0	0	1	0	0
storagetanks87	0	1	0	0	0	0	0	0	0	0	1	0	0	0	1	0	0
storagetanks88	0	1	1	1	0	0	0	0	0	0	1	0	0	0	1	1	0
storagetanks89	0	0	0	0	0	0	0	0	0	0	1	1	0	0	1	1	0
storagetanks90	0	0	1	1	0	0	0	0	0	0	1	1	0	0	1	0	0
storagetanks91	0	0	1	0	0	0	0	0	0	0	1	1	0	0	1	1	0
storagetanks92	0	0	1	0	0	0	0	0	0	0	1	1	0	0	1	1	1
storagetanks94	0	0	1	0	0	0	0	0	0	0	1	1	0	0	1	1	0
storagetanks95	0	0	1	1	0	0	0	0	0	0	1	1	0	0	1	1	0
storagetanks96	0	0	0	0	0	0	0	0	0	0	1	1	0	0	1	1	0
storagetanks97	0	0	1	0	0	0	0	0	0	0	1	1	0	0	1	1	0
storagetanks99	0	0	1	0	0	0	0	0	0	0	1	1	0	0	1	1	0
tenniscourt02	0	1	1	1	0	1	0	0	1	0	0	0	0	0	0	1	0
tenniscourt09	0	0	0	0	0	1	0	0	1	0	0	0	0	0	0	1	0
tenniscourt10	0	0	1	0	0	1	0	0	0	0	1	0	0	0	0	0	0
tenniscourt11	0	1	0	0	0	1	0	0	1	0	0	0	0	0	0	1	0
tenniscourt14	0	0	1	0	0	1	0	0	1	0	1	0	0	0	0	1	0
tenniscourt16	0	0	1	0	0	1	0	0	1	0	1	0	0	0	0	1	0
tenniscourt19	0	1	0	1	0	1	0	0	1	0	0	0	0	0	0	1	0
tenniscourt26	0	0	0	0	0	1	0	0	1	0	0	0	0	0	0	1	0
tenniscourt29	0	0	1	1	0	1	0	0	1	0	1	0	0	0	0	1	0
tenniscourt30	0	0	0	0	0	1	0	0	1	0	0	0	0	0	0	1	0
tenniscourt31	0	0	1	0	0	1	0	0	0	0	1	0	0	0	0	0	0
tenniscourt33	0	0	0	0	0	1	0	0	1	0	0	0	0	0	0	1	0
tenniscourt34	0	0	0	0	0	1	0	0	1	0	0	1	0	0	0	1	0
tenniscourt36	0	1	1	1	0	1	0	0	1	0	1	0	0	0	0	1	0
tenniscourt40	0	0	1	1	0	1	0	0	1	0	1	0	0	0	0	1	0
tenniscourt41	0	0	1	0	0	1	0	0	1	0	1	0	0	0	0	1	0
tenniscourt42	0	1	1	1	0	1	0	0	0	0	1	0	0	0	0	1	0
tenniscourt44	0	1	0	1	0	1	0	0	0	0	1	0	0	0	0	1	0
tenniscourt45	0	0	1	0	0	1	0	0	0	0	0	0	0	0	0	1	0
tenniscourt46	0	0	1	0	0	1	0	0	1	0	1	0	0	0	0	1	0
tenniscourt47	0	0	1	0	0	1	0	0	1	0	1	1	0	0	0	1	0
tenniscourt50	0	0	1	1	0	1	0	0	1	0	1	0	0	0	0	1	0
tenniscourt51	0	0	0	1	0	1	0	0	1	0	1	0	0	0	0	1	0
tenniscourt53	0	0	0	1	0	1	0	0	1	0	1	0	0	0	0	1	0
tenniscourt57	0	1	1	1	0	1	0	0	1	0	0	0	0	0	0	1	0
tenniscourt59	0	1	0	1	0	1	0	0	1	0	1	0	0	0	0	1	0
tenniscourt61	0	0	1	1	0	1	0	0	1	0	1	0	0	0	0	1	0
tenniscourt62	0	1	0	0	0	1	0	0	1	0	1	0	0	0	0	1	0
tenniscourt63	0	0	0	0	0	1	0	0	1	0	1	0	0	0	0	1	0
tenniscourt64	0	0	1	0	0	1	0	0	1	0	0	0	0	0	0	1	0
tenniscourt66	0	0	0	1	0	1	0	0	1	0	1	0	0	0	0	1	0
tenniscourt67	0	1	1	1	0	1	0	0	1	0	1	0	0	0	0	1	0
tenniscourt68	0	1	1	1	0	1	0	0	1	0	0	0	0	0	0	1	1
tenniscourt69	0	0	1	1	0	1	0	0	1	0	1	0	0	0	0	1	0
tenniscourt72	0	0	1	1	0	1	0	0	1	0	1	0	0	0	0	1	0
tenniscourt73	0	0	1	1	0	1	0	0	1	0	1	0	0	0	0	1	0
tenniscourt74	0	0	1	1	0	1	0	0	0	0	1	0	0	0	0	1	0
tenniscourt75	0	0	1	1	0	1	0	0	1	0	1	0	0	0	0	1	0
tenniscourt76	0	1	1	1	0	1	0	0	1	0	1	0	0	0	0	1	0
tenniscourt77	0	0	1	1	0	1	0	0	1	0	1	0	0	0	0	1	0
tenniscourt78	0	0	1	1	0	1	0	0	1	0	1	0	0	0	0	1	0
tenniscourt79	0	0	1	1	0	1	0	0	1	0	1	0	0	0	0	1	0
tenniscourt80	0	1	0	1	0	1	0	0	1	0	1	1	0	0	0	0	0
tenniscourt81	0	0	0	0	0	1	0	0	1	0	0	0	0	0	0	1	0
tenniscourt82	0	0	1	1	0	1	0	0	1	0	1	0	0	0	0	1	0
tenniscourt83	0	0	1	1	0	1	0	0	0	0	1	0	0	0	0	1	0
tenniscourt84	0	0	1	0	0	1	0	0	1	0	0	0	0	0	0	0	0
tenniscourt85	0	1	0	0	0	1	0	0	1	0	0	0	0	0	0	1	0
tenniscourt86	0	0	1	0	0	1	0	0	1	0	1	0	0	0	0	1	0
tenniscourt87	0	1	0	0	0	1	0	0	1	0	1	0	0	0	0	0	0
tenniscourt88	0	1	0	0	0	1	0	0	1	0	0	0	0	0	0	1	0
tenniscourt89	0	1	0	0	0	1	0	0	1	0	0	0	0	0	0	1	0
tenniscourt90	0	1	0	0	0	1	0	0	1	0	0	0	0	0	0	1	0
tenniscourt91	0	1	0	0	0	1	0	0	1	0	1	0	0	0	0	1	0
tenniscourt92	0	1	0	0	0	1	0	0	1	0	1	0	0	0	0	1	0
tenniscourt93	0	0	1	1	0	1	0	0	1	0	1	0	0	0	0	1	0
tenniscourt94	0	1	0	0	0	1	0	0	1	0	1	0	0	0	0	1	0
tenniscourt95	0	1	0	0	0	1	0	0	1	0	1	0	0	0	0	0	0
tenniscourt96	0	1	1	1	0	1	0	0	1	0	1	0	0	0	0	1	0
tenniscourt97	0	1	1	1	0	1	0	0	1	0	1	0	0	0	0	1	0
tenniscourt98	0	1	1	1	0	1	0	0	1	0	1	0	0	0	0	1	0
tenniscourt99	0	1	0	1	0	1	0	0	1	0	1	0	0	0	0	1	0
